{
  "metrics": {
    "Recall@10": 0.006653665664588658,
    "Precision@10": 0.2565789473684211,
    "Recall@50": 0.02178279822664642,
    "Precision@50": 0.1667763157894737,
    "Recall@100": 0.034448954689337896,
    "Precision@100": 0.1311842105263158
  },
  "config": {
    "k1": 1.5,
    "b": 0.75
  }
}