{
  "tier": 1,
  "method": "agent",
  "model": "gpt-5.2",
  "metrics": {
    "recall@10": 0.005991881890537903,
    "ndcg@10": 0.27274415601701923,
    "paper_recall@10": 0.005991881890537903,
    "patent_recall@10": 0.0,
    "recall@50": 0.019809427521628578,
    "ndcg@50": 0.22444620370397675,
    "paper_recall@50": 0.019809427521628578,
    "patent_recall@50": 0.0,
    "recall@100": 0.02389756324039409,
    "ndcg@100": 0.15670322826748379,
    "paper_recall@100": 0.02389756324039409,
    "patent_recall@100": 0.0,
    "map": 0.013262431370985213
  },
  "per_query": {
    "NX-010": {
      "recall@10": 0.0052863436123348016,
      "recall@50": 0.03436123348017621,
      "recall@100": 0.03436123348017621
    },
    "NX-004": {
      "recall@10": 0.0011312217194570137,
      "recall@50": 0.010180995475113122,
      "recall@100": 0.012443438914027148
    },
    "NX-011": {
      "recall@10": 0.015521064301552107,
      "recall@50": 0.017738359201773836,
      "recall@100": 0.017738359201773836
    },
    "NX-027": {
      "recall@10": 0.006559766763848397,
      "recall@50": 0.03134110787172012,
      "recall@100": 0.038629737609329445
    },
    "NX-038": {
      "recall@10": 0.0171990171990172,
      "recall@50": 0.04176904176904177,
      "recall@100": 0.04176904176904177
    },
    "NX-019": {
      "recall@10": 0.0012658227848101266,
      "recall@50": 0.007594936708860759,
      "recall@100": 0.010126582278481013
    },
    "NX-040": {
      "recall@10": 0.0012091898428053204,
      "recall@50": 0.009673518742442563,
      "recall@100": 0.013301088270858524
    },
    "NX-026": {
      "recall@10": 0.008426966292134831,
      "recall@50": 0.02247191011235955,
      "recall@100": 0.03651685393258427
    },
    "NX-005": {
      "recall@10": 0.01524390243902439,
      "recall@50": 0.06859756097560976,
      "recall@100": 0.09146341463414634
    },
    "NX-034": {
      "recall@10": 0.008849557522123894,
      "recall@50": 0.010619469026548672,
      "recall@100": 0.010619469026548672
    },
    "NX-023": {
      "recall@10": 0.003115264797507788,
      "recall@50": 0.021806853582554516,
      "recall@100": 0.03426791277258567
    },
    "NX-012": {
      "recall@10": 0.02127659574468085,
      "recall@50": 0.10874704491725769,
      "recall@100": 0.10874704491725769
    },
    "NX-030": {
      "recall@10": 0.0019305019305019305,
      "recall@50": 0.009652509652509652,
      "recall@100": 0.009652509652509652
    },
    "NX-022": {
      "recall@10": 0.006201550387596899,
      "recall@50": 0.02558139534883721,
      "recall@100": 0.02635658914728682
    },
    "NX-013": {
      "recall@10": 0.005707762557077625,
      "recall@50": 0.021689497716894976,
      "recall@100": 0.0273972602739726
    },
    "NX-025": {
      "recall@10": 0.0016877637130801688,
      "recall@50": 0.005063291139240506,
      "recall@100": 0.007594936708860759
    },
    "NX-036": {
      "recall@10": 0.0024242424242424242,
      "recall@50": 0.01090909090909091,
      "recall@100": 0.020606060606060607
    },
    "NX-037": {
      "recall@10": 0.009569377990430622,
      "recall@50": 0.05980861244019139,
      "recall@100": 0.06220095693779904
    },
    "NX-033": {
      "recall@10": 0.01647058823529412,
      "recall@50": 0.02588235294117647,
      "recall@100": 0.02588235294117647
    },
    "NX-014": {
      "recall@10": 0.03169014084507042,
      "recall@50": 0.03169014084507042,
      "recall@100": 0.03169014084507042
    },
    "NX-024": {
      "recall@10": 0.0018656716417910447,
      "recall@50": 0.013059701492537313,
      "recall@100": 0.020522388059701493
    },
    "NX-021": {
      "recall@10": 0.0,
      "recall@50": 0.0014534883720930232,
      "recall@100": 0.0014534883720930232
    },
    "NX-029": {
      "recall@10": 0.0,
      "recall@50": 0.0019455252918287938,
      "recall@100": 0.0019455252918287938
    },
    "NX-039": {
      "recall@10": 0.0016286644951140066,
      "recall@50": 0.0016286644951140066,
      "recall@100": 0.0016286644951140066
    },
    "NX-031": {
      "recall@10": 0.0,
      "recall@50": 0.002628120893561104,
      "recall@100": 0.003942181340341655
    },
    "NX-020": {
      "recall@10": 0.0007320644216691069,
      "recall@50": 0.005856515373352855,
      "recall@100": 0.005856515373352855
    },
    "NX-017": {
      "recall@10": 0.007874015748031496,
      "recall@50": 0.030371203599550055,
      "recall@100": 0.030371203599550055
    },
    "NX-042": {
      "recall@10": 0.007122507122507123,
      "recall@50": 0.018518518518518517,
      "recall@100": 0.018518518518518517
    },
    "NX-035": {
      "recall@10": 0.00473186119873817,
      "recall@50": 0.007886435331230283,
      "recall@100": 0.007886435331230283
    },
    "NX-032": {
      "recall@10": 0.0,
      "recall@50": 0.0013157894736842105,
      "recall@100": 0.0013157894736842105
    },
    "NX-001": {
      "recall@10": 0.0019550342130987292,
      "recall@50": 0.008797653958944282,
      "recall@100": 0.008797653958944282
    },
    "NX-003": {
      "recall@10": 0.02702702702702703,
      "recall@50": 0.04804804804804805,
      "recall@100": 0.04804804804804805
    },
    "NX-028": {
      "recall@10": 0.012048192771084338,
      "recall@50": 0.022590361445783132,
      "recall@100": 0.022590361445783132
    },
    "NX-006": {
      "recall@10": 0.006578947368421052,
      "recall@50": 0.009868421052631578,
      "recall@100": 0.019736842105263157
    },
    "NX-007": {
      "recall@10": 0.007326007326007326,
      "recall@50": 0.040293040293040296,
      "recall@100": 0.04151404151404151
    },
    "NX-068": {
      "recall@10": 0.0,
      "recall@50": 0.0,
      "recall@100": 0.0
    },
    "NX-061": {
      "recall@10": 0.0029850746268656717,
      "recall@50": 0.0029850746268656717,
      "recall@100": 0.011940298507462687
    },
    "NX-048": {
      "recall@10": 0.006172839506172839,
      "recall@50": 0.030864197530864196,
      "recall@100": 0.037037037037037035
    },
    "NX-065": {
      "recall@10": 0.0,
      "recall@50": 0.009174311926605505,
      "recall@100": 0.009174311926605505
    },
    "NX-053": {
      "recall@10": 0.015748031496062992,
      "recall@50": 0.015748031496062992,
      "recall@100": 0.015748031496062992
    },
    "NX-050": {
      "recall@10": 0.009370816599732263,
      "recall@50": 0.049531459170013385,
      "recall@100": 0.07095046854082998
    },
    "NX-049": {
      "recall@10": 0.02046783625730994,
      "recall@50": 0.04678362573099415,
      "recall@100": 0.04678362573099415
    },
    "NX-069": {
      "recall@10": 0.0,
      "recall@50": 0.0,
      "recall@100": 0.0
    },
    "NX-047": {
      "recall@10": 0.020958083832335328,
      "recall@50": 0.020958083832335328,
      "recall@100": 0.020958083832335328
    },
    "NX-056": {
      "recall@10": 0.012422360248447204,
      "recall@50": 0.046583850931677016,
      "recall@100": 0.08074534161490683
    },
    "NX-043": {
      "recall@10": 0.019830028328611898,
      "recall@50": 0.053824362606232294,
      "recall@100": 0.056657223796033995
    },
    "NX-067": {
      "recall@10": 0.012618296529968454,
      "recall@50": 0.0473186119873817,
      "recall@100": 0.05362776025236593
    },
    "NX-058": {
      "recall@10": 0.02280130293159609,
      "recall@50": 0.12052117263843648,
      "recall@100": 0.16612377850162866
    },
    "NX-063": {
      "recall@10": 0.0,
      "recall@50": 0.006944444444444444,
      "recall@100": 0.006944444444444444
    },
    "NX-059": {
      "recall@10": 0.0,
      "recall@50": 0.0,
      "recall@100": 0.005970149253731343
    },
    "NX-071": {
      "recall@10": 0.0,
      "recall@50": 0.011594202898550725,
      "recall@100": 0.011594202898550725
    },
    "NX-052": {
      "recall@10": 0.0,
      "recall@50": 0.0034965034965034965,
      "recall@100": 0.006993006993006993
    },
    "NX-064": {
      "recall@10": 0.006437768240343348,
      "recall@50": 0.008583690987124463,