{
  "tier": 1,
  "method": "agent",
  "model": "gemini-3-pro-preview",
  "metrics": {
    "recall@10": 0.004925985041011106,
    "ndcg@10": 0.23298959960621776,
    "paper_recall@10": 0.004925985041011106,
    "patent_recall@10": 0.0,
    "recall@50": 0.008614987782203494,
    "ndcg@50": 0.12161379195831744,
    "paper_recall@50": 0.008614987782203494,
    "patent_recall@50": 0.0,
    "recall@100": 0.008614987782203494,
    "ndcg@100": 0.07491125826260271,
    "paper_recall@100": 0.008614987782203494,
    "patent_recall@100": 0.0,
    "map": 0.004750249882866787
  },
  "per_query": {
    "NX-010": {
      "recall@10": 0.0026431718061674008,
      "recall@50": 0.007048458149779736,
      "recall@100": 0.007048458149779736
    },
    "NX-004": {
      "recall@10": 0.0022624434389140274,
      "recall@50": 0.006787330316742082,
      "recall@100": 0.006787330316742082
    },
    "NX-011": {
      "recall@10": 0.008869179600886918,
      "recall@50": 0.015521064301552107,
      "recall@100": 0.015521064301552107
    },
    "NX-027": {
      "recall@10": 0.006559766763848397,
      "recall@50": 0.013848396501457727,
      "recall@100": 0.013848396501457727
    },
    "NX-038": {
      "recall@10": 0.014742014742014743,
      "recall@50": 0.02457002457002457,
      "recall@100": 0.02457002457002457
    },
    "NX-019": {
      "recall@10": 0.004430379746835443,
      "recall@50": 0.00569620253164557,
      "recall@100": 0.00569620253164557
    },
    "NX-040": {
      "recall@10": 0.0036275695284159614,
      "recall@50": 0.006045949214026602,
      "recall@100": 0.006045949214026602
    },
    "NX-026": {
      "recall@10": 0.008426966292134831,
      "recall@50": 0.014044943820224719,
      "recall@100": 0.014044943820224719
    },
    "NX-005": {
      "recall@10": 0.013719512195121951,
      "recall@50": 0.028963414634146343,
      "recall@100": 0.028963414634146343
    },
    "NX-034": {
      "recall@10": 0.0017699115044247787,
      "recall@50": 0.0017699115044247787,
      "recall@100": 0.0017699115044247787
    },
    "NX-023": {
      "recall@10": 0.006230529595015576,
      "recall@50": 0.012461059190031152,
      "recall@100": 0.012461059190031152
    },
    "NX-012": {
      "recall@10": 0.02127659574468085,
      "recall@50": 0.037825059101654845,
      "recall@100": 0.037825059101654845
    },
    "NX-030": {
      "recall@10": 0.0,
      "recall@50": 0.003861003861003861,
      "recall@100": 0.003861003861003861
    },
    "NX-022": {
      "recall@10": 0.003875968992248062,
      "recall@50": 0.005426356589147287,
      "recall@100": 0.005426356589147287
    },
    "NX-013": {
      "recall@10": 0.005707762557077625,
      "recall@50": 0.012557077625570776,
      "recall@100": 0.012557077625570776
    },
    "NX-025": {
      "recall@10": 0.004219409282700422,
      "recall@50": 0.005063291139240506,
      "recall@100": 0.005063291139240506
    },
    "NX-036": {
      "recall@10": 0.0018181818181818182,
      "recall@50": 0.0048484848484848485,
      "recall@100": 0.0048484848484848485
    },
    "NX-037": {
      "recall@10": 0.014354066985645933,
      "recall@50": 0.019138755980861243,
      "recall@100": 0.019138755980861243
    },
    "NX-033": {
      "recall@10": 0.002352941176470588,
      "recall@50": 0.007058823529411765,
      "recall@100": 0.007058823529411765
    },
    "NX-014": {
      "recall@10": 0.014084507042253521,
      "recall@50": 0.02464788732394366,
      "recall@100": 0.02464788732394366
    },
    "NX-024": {
      "recall@10": 0.002798507462686567,
      "recall@50": 0.0037313432835820895,
      "recall@100": 0.0037313432835820895
    },
    "NX-021": {
      "recall@10": 0.0014534883720930232,
      "recall@50": 0.0014534883720930232,
      "recall@100": 0.0014534883720930232
    },
    "NX-029": {
      "recall@10": 0.0019455252918287938,
      "recall@50": 0.0019455252918287938,
      "recall@100": 0.0019455252918287938
    },
    "NX-039": {
      "recall@10": 0.0016286644951140066,
      "recall@50": 0.0016286644951140066,
      "recall@100": 0.0016286644951140066
    },
    "NX-031": {
      "recall@10": 0.001314060446780552,
      "recall@50": 0.0019710906701708277,
      "recall@100": 0.0019710906701708277
    },
    "NX-020": {
      "recall@10": 0.0007320644216691069,
      "recall@50": 0.0007320644216691069,
      "recall@100": 0.0007320644216691069
    },
    "NX-017": {
      "recall@10": 0.0,
      "recall@50": 0.0,
      "recall@100": 0.0
    },
    "NX-042": {
      "recall@10": 0.0014245014245014246,
      "recall@50": 0.004273504273504274,
      "recall@100": 0.004273504273504274
    },
    "NX-035": {
      "recall@10": 0.0031545741324921135,
      "recall@50": 0.0031545741324921135,
      "recall@100": 0.0031545741324921135
    },
    "NX-032": {
      "recall@10": 0.0,
      "recall@50": 0.0,
      "recall@100": 0.0
    },
    "NX-001": {
      "recall@10": 0.0009775171065493646,
      "recall@50": 0.0009775171065493646,
      "recall@100": 0.0009775171065493646
    },
    "NX-003": {
      "recall@10": 0.021021021021021023,
      "recall@50": 0.03903903903903904,
      "recall@100": 0.03903903903903904
    },
    "NX-028": {
      "recall@10": 0.010542168674698794,
      "recall@50": 0.02108433734939759,
      "recall@100": 0.02108433734939759
    },
    "NX-006": {
      "recall@10": 0.006578947368421052,
      "recall@50": 0.006578947368421052,
      "recall@100": 0.006578947368421052
    },
    "NX-007": {
      "recall@10": 0.009768009768009768,
      "recall@50": 0.019536019536019536,
      "recall@100": 0.019536019536019536
    },
    "NX-068": {
      "recall@10": 0.0,
      "recall@50": 0.0036496350364963502,
      "recall@100": 0.0036496350364963502
    },
    "NX-061": {
      "recall@10": 0.0029850746268656717,
      "recall@50": 0.005970149253731343,
      "recall@100": 0.005970149253731343
    },
    "NX-048": {
      "recall@10": 0.009259259259259259,
      "recall@50": 0.012345679012345678,
      "recall@100": 0.012345679012345678
    },
    "NX-065": {
      "recall@10": 0.009174311926605505,
      "recall@50": 0.011467889908256881,
      "recall@100": 0.011467889908256881
    },
    "NX-053": {
      "recall@10": 0.01837270341207349,
      "recall@50": 0.026246719160104987,
      "recall@100": 0.026246719160104987
    },
    "NX-050": {
      "recall@10": 0.008032128514056224,
      "recall@50": 0.01606425702811245,
      "recall@100": 0.01606425702811245
    },
    "NX-049": {
      "recall@10": 0.008771929824561403,
      "recall@50": 0.017543859649122806,
      "recall@100": 0.017543859649122806
    },
    "NX-069": {
      "recall@10": 0.003355704697986577,
      "recall@50": 0.003355704697986577,
      "recall@100": 0.003355704697986577
    },
    "NX-047": {
      "recall@10": 0.008982035928143712,
      "recall@50": 0.011976047904191617,
      "recall@100": 0.011976047904191617
    },
    "NX-056": {
      "recall@10": 0.003105590062111801,
      "recall@50": 0.003105590062111801,
      "recall@100": 0.003105590062111801
    },
    "NX-043": {
      "recall@10": 0.0084985835694051,
      "recall@50": 0.0113314447592068,
      "recall@100": 0.0113314447592068
    },
    "NX-067": {
      "recall@10": 0.0031545741324921135,
      "recall@50": 0.00946372239747634,
      "recall@100": 0.00946372239747634
    },
    "NX-058": {
      "recall@10": 0.006514657980456026,
      "recall@50": 0.009771986970684038,
      "recall@100": 0.009771986970684038
    },
    "NX-063": {
      "recall@10": 0.0,
      "recall@50": 0.0,
      "recall@100": 0.0
    },
    "NX-059": {
      "recall@10": 0.0,
      "recall@50": 0.0,
      "recall@100": 0.0
    },
    "NX-071": {
      "recall@10": 0.008695652173913044,
      "recall@50": 0.017391304347826087,
      "recall@100": 0.017391304347826087
    },
    "NX-052": {
      "recall@10": 0.0034965034965034965,
      "recall@50": 0.0034965034965034965,
      "recall@100": 0.0034965034965034965
    },