{
  "tier": 1,
  "method": "agent",
  "model": "claude-sonnet-4-6",
  "metrics": {
    "recall@10": 0.005973221342541064,
    "ndcg@10": 0.2900884583235579,
    "paper_recall@10": 0.005973221342541064,
    "patent_recall@10": 0.0,
    "recall@50": 0.02528780776509519,
    "ndcg@50": 0.27078978352540445,
    "paper_recall@50": 0.02528780776509519,
    "patent_recall@50": 0.0,
    "recall@100": 0.031280011270493034,
    "ndcg@100": 0.1943544358669393,
    "paper_recall@100": 0.031280011270493034,
    "patent_recall@100": 0.0,
    "map": 0.016992732554373443
  },
  "per_query": {
    "NX-010": {
      "recall@10": 0.007048458149779736,
      "recall@50": 0.04052863436123348,
      "recall@100": 0.05286343612334802
    },
    "NX-004": {
      "recall@10": 0.003393665158371041,
      "recall@50": 0.014705882352941176,
      "recall@100": 0.020361990950226245
    },
    "NX-011": {
      "recall@10": 0.008869179600886918,
      "recall@50": 0.03325942350332594,
      "recall@100": 0.03547671840354767
    },
    "NX-027": {
      "recall@10": 0.006559766763848397,
      "recall@50": 0.034256559766763846,
      "recall@100": 0.04518950437317784
    },
    "NX-038": {
      "recall@10": 0.007371007371007371,
      "recall@50": 0.03194103194103194,
      "recall@100": 0.036855036855036855
    },
    "NX-019": {
      "recall@10": 0.0018987341772151898,
      "recall@50": 0.010759493670886076,
      "recall@100": 0.02088607594936709
    },
    "NX-040": {
      "recall@10": 0.007255139056831923,
      "recall@50": 0.019347037484885126,
      "recall@100": 0.02176541717049577
    },
    "NX-026": {
      "recall@10": 0.0056179775280898875,
      "recall@50": 0.02247191011235955,
      "recall@100": 0.03089887640449438
    },
    "NX-005": {
      "recall@10": 0.013719512195121951,
      "recall@50": 0.07469512195121951,
      "recall@100": 0.10060975609756098
    },
    "NX-034": {
      "recall@10": 0.005309734513274336,
      "recall@50": 0.02654867256637168,
      "recall@100": 0.02654867256637168
    },
    "NX-023": {
      "recall@10": 0.006230529595015576,
      "recall@50": 0.01557632398753894,
      "recall@100": 0.028037383177570093
    },
    "NX-012": {
      "recall@10": 0.02127659574468085,
      "recall@50": 0.10638297872340426,
      "recall@100": 0.10638297872340426
    },
    "NX-030": {
      "recall@10": 0.0,
      "recall@50": 0.007722007722007722,
      "recall@100": 0.009652509652509652
    },
    "NX-022": {
      "recall@10": 0.003875968992248062,
      "recall@50": 0.005426356589147287,
      "recall@100": 0.005426356589147287
    },
    "NX-013": {
      "recall@10": 0.0045662100456621,
      "recall@50": 0.021689497716894976,
      "recall@100": 0.0319634703196347
    },
    "NX-025": {
      "recall@10": 0.002531645569620253,
      "recall@50": 0.006751054852320675,
      "recall@100": 0.009282700421940928
    },
    "NX-036": {
      "recall@10": 0.0024242424242424242,
      "recall@50": 0.008484848484848486,
      "recall@100": 0.011515151515151515
    },
    "NX-037": {
      "recall@10": 0.011961722488038277,
      "recall@50": 0.05741626794258373,
      "recall@100": 0.05741626794258373
    },
    "NX-033": {
      "recall@10": 0.018823529411764704,
      "recall@50": 0.07058823529411765,
      "recall@100": 0.07529411764705882
    },
    "NX-014": {
      "recall@10": 0.017605633802816902,
      "recall@50": 0.06338028169014084,
      "recall@100": 0.08450704225352113
    },
    "NX-024": {
      "recall@10": 0.0037313432835820895,
      "recall@50": 0.020522388059701493,
      "recall@100": 0.027985074626865673
    },
    "NX-021": {
      "recall@10": 0.0,
      "recall@50": 0.0014534883720930232,
      "recall@100": 0.0029069767441860465
    },
    "NX-029": {
      "recall@10": 0.0,
      "recall@50": 0.0019455252918287938,
      "recall@100": 0.0019455252918287938
    },
    "NX-039": {
      "recall@10": 0.0,
      "recall@50": 0.0,
      "recall@100": 0.0
    },
    "NX-031": {
      "recall@10": 0.0019710906701708277,
      "recall@50": 0.006570302233902759,
      "recall@100": 0.007227332457293035
    },
    "NX-020": {
      "recall@10": 0.0014641288433382138,
      "recall@50": 0.0014641288433382138,
      "recall@100": 0.0014641288433382138
    },
    "NX-017": {
      "recall@10": 0.003374578177727784,
      "recall@50": 0.02699662542182227,
      "recall@100": 0.04499437570303712
    },
    "NX-042": {
      "recall@10": 0.011396011396011397,
      "recall@50": 0.024216524216524215,
      "recall@100": 0.027065527065527065
    },
    "NX-035": {
      "recall@10": 0.00473186119873817,
      "recall@50": 0.01892744479495268,
      "recall@100": 0.02365930599369085
    },
    "NX-032": {
      "recall@10": 0.0006578947368421052,
      "recall@50": 0.0013157894736842105,
      "recall@100": 0.0013157894736842105
    },
    "NX-001": {
      "recall@10": 0.0019550342130987292,
      "recall@50": 0.007820136852394917,
      "recall@100": 0.01270772238514174
    },
    "NX-003": {
      "recall@10": 0.012012012012012012,
      "recall@50": 0.06006006006006006,
      "recall@100": 0.0960960960960961
    },
    "NX-028": {
      "recall@10": 0.010542168674698794,
      "recall@50": 0.04216867469879518,
      "recall@100": 0.043674698795180725
    },
    "NX-006": {
      "recall@10": 0.006578947368421052,
      "recall@50": 0.023026315789473683,
      "recall@100": 0.03289473684210526
    },
    "NX-007": {
      "recall@10": 0.009768009768009768,
      "recall@50": 0.05128205128205128,
      "recall@100": 0.052503052503052504
    },
    "NX-068": {
      "recall@10": 0.0,
      "recall@50": 0.014598540145985401,
      "recall@100": 0.01824817518248175
    },
    "NX-061": {
      "recall@10": 0.005970149253731343,
      "recall@50": 0.011940298507462687,
      "recall@100": 0.011940298507462687
    },
    "NX-048": {
      "recall@10": 0.009259259259259259,
      "recall@50": 0.030864197530864196,
      "recall@100": 0.030864197530864196
    },
    "NX-065": {
      "recall@10": 0.011467889908256881,
      "recall@50": 0.034403669724770644,
      "recall@100": 0.0389908256880734
    },
    "NX-053": {
      "recall@10": 0.015748031496062992,
      "recall@50": 0.05249343832020997,
      "recall@100": 0.06824146981627296
    },
    "NX-050": {
      "recall@10": 0.008032128514056224,
      "recall@50": 0.04819277108433735,
      "recall@100": 0.05622489959839357
    },
    "NX-049": {
      "recall@10": 0.011695906432748537,
      "recall@50": 0.07017543859649122,
      "recall@100": 0.07017543859649122
    },
    "NX-069": {
      "recall@10": 0.003355704697986577,
      "recall@50": 0.020134228187919462,
      "recall@100": 0.02348993288590604
    },
    "NX-047": {
      "recall@10": 0.011976047904191617,
      "recall@50": 0.038922155688622756,
      "recall@100": 0.06287425149700598
    },
    "NX-056": {
      "recall@10": 0.009316770186335404,
      "recall@50": 0.059006211180124224,
      "recall@100": 0.06832298136645963
    },
    "NX-043": {
      "recall@10": 0.0226628895184136,
      "recall@50": 0.05099150141643059,
      "recall@100": 0.056657223796033995
    },
    "NX-067": {
      "recall@10": 0.0031545741324921135,
      "recall@50": 0.028391167192429023,
      "recall@100": 0.028391167192429023
    },
    "NX-058": {
      "recall@10": 0.026058631921824105,
      "recall@50": 0.1270358306188925,
      "recall@100": 0.18566775244299674
    },
    "NX-063": {
      "recall@10": 0.0,
      "recall@50": 0.003472222222222222,
      "recall@100": 0.003472222222222222
    },
    "NX-059": {
      "recall@10": 0.0,
      "recall@50": 0.0,
      "recall@100": 0.0029850746268656717
    },
    "NX-071": {
      "recall@10": 0.005797101449275362,
      "recall@50": 0.020289855072463767,
      "recall@100": 0.020289855072463767
    },
    "NX-052": {
      "recall@10": 0.0,
      "recall@50": 0.01048951048951049,
      "recall@100": 0.013986013986013986
    },