{
  "tier": 1,
  "method": "bm25",
  "model": "N/A",
  "metrics": {
    "recall@10": 0.005441214605586934,
    "ndcg@10": 0.2532420960107251,
    "paper_recall@10": 0.005441214605586934,
    "patent_recall@10": 0.0,
    "recall@50": 0.019922083790222027,
    "ndcg@50": 0.21491341158142824,
    "paper_recall@50": 0.019922083790222027,
    "patent_recall@50": 0.0,
    "recall@100": 0.03291071359503991,
    "ndcg@100": 0.18539889659646971,
    "paper_recall@100": 0.03291071359503991,
    "patent_recall@100": 0.0,
    "map": 0.017507000623070316
  },
  "per_query": {
    "NX-010": {
      "recall@10": 0.007048458149779736,
      "recall@50": 0.016740088105726872,
      "recall@100": 0.019383259911894272
    },
    "NX-004": {
      "recall@10": 0.0011312217194570137,
      "recall@50": 0.007918552036199095,
      "recall@100": 0.014705882352941176
    },
    "NX-011": {
      "recall@10": 0.008869179600886918,
      "recall@50": 0.03991130820399113,
      "recall@100": 0.06208425720620843
    },
    "NX-027": {
      "recall@10": 0.006559766763848397,
      "recall@50": 0.03206997084548105,
      "recall@100": 0.05612244897959184
    },
    "NX-038": {
      "recall@10": 0.0171990171990172,
      "recall@50": 0.03931203931203931,
      "recall@100": 0.051597051597051594
    },
    "NX-019": {
      "recall@10": 0.005063291139240506,
      "recall@50": 0.015189873417721518,
      "recall@100": 0.019620253164556962
    },
    "NX-040": {
      "recall@10": 0.0036275695284159614,
      "recall@50": 0.013301088270858524,
      "recall@100": 0.019347037484885126
    },
    "NX-026": {
      "recall@10": 0.008426966292134831,
      "recall@50": 0.02247191011235955,
      "recall@100": 0.03089887640449438
    },
    "NX-005": {
      "recall@10": 0.013719512195121951,
      "recall@50": 0.07469512195121951,
      "recall@100": 0.1402439024390244
    },
    "NX-034": {
      "recall@10": 0.0,
      "recall@50": 0.0,
      "recall@100": 0.0017699115044247787
    },
    "NX-023": {
      "recall@10": 0.006230529595015576,
      "recall@50": 0.018691588785046728,
      "recall@100": 0.037383177570093455
    },
    "NX-012": {
      "recall@10": 0.02127659574468085,
      "recall@50": 0.1111111111111111,
      "recall@100": 0.20567375886524822
    },
    "NX-030": {
      "recall@10": 0.0,
      "recall@50": 0.0,
      "recall@100": 0.0019305019305019305
    },
    "NX-022": {
      "recall@10": 0.002325581395348837,
      "recall@50": 0.005426356589147287,
      "recall@100": 0.015503875968992248
    },
    "NX-013": {
      "recall@10": 0.005707762557077625,
      "recall@50": 0.0228310502283105,
      "recall@100": 0.04223744292237443
    },
    "NX-025": {
      "recall@10": 0.002531645569620253,
      "recall@50": 0.004219409282700422,
      "recall@100": 0.008438818565400843
    },
    "NX-036": {
      "recall@10": 0.0018181818181818182,
      "recall@50": 0.008484848484848486,
      "recall@100": 0.014545454545454545
    },
    "NX-037": {
      "recall@10": 0.011961722488038277,
      "recall@50": 0.045454545454545456,
      "recall@100": 0.045454545454545456
    },
    "NX-033": {
      "recall@10": 0.0,
      "recall@50": 0.009411764705882352,
      "recall@100": 0.018823529411764704
    },
    "NX-014": {
      "recall@10": 0.014084507042253521,
      "recall@50": 0.04225352112676056,
      "recall@100": 0.05985915492957746
    },
    "NX-024": {
      "recall@10": 0.0018656716417910447,
      "recall@50": 0.005597014925373134,
      "recall@100": 0.012126865671641791
    },
    "NX-021": {
      "recall@10": 0.0,
      "recall@50": 0.0029069767441860465,
      "recall@100": 0.0029069767441860465
    },
    "NX-029": {
      "recall@10": 0.0019455252918287938,
      "recall@50": 0.005836575875486381,
      "recall@100": 0.005836575875486381
    },
    "NX-039": {
      "recall@10": 0.0,
      "recall@50": 0.003257328990228013,
      "recall@100": 0.003257328990228013
    },
    "NX-031": {
      "recall@10": 0.002628120893561104,
      "recall@50": 0.005913272010512484,
      "recall@100": 0.00788436268068331
    },
    "NX-020": {
      "recall@10": 0.0007320644216691069,
      "recall@50": 0.005856515373352855,
      "recall@100": 0.008052708638360176
    },
    "NX-017": {
      "recall@10": 0.0,
      "recall@50": 0.0011248593925759281,
      "recall@100": 0.003374578177727784
    },
    "NX-042": {
      "recall@10": 0.004273504273504274,
      "recall@50": 0.01282051282051282,
      "recall@100": 0.022792022792022793
    },
    "NX-035": {
      "recall@10": 0.006309148264984227,
      "recall@50": 0.022082018927444796,
      "recall@100": 0.026813880126182965
    },
    "NX-032": {
      "recall@10": 0.0,
      "recall@50": 0.0006578947368421052,
      "recall@100": 0.002631578947368421
    },
    "NX-001": {
      "recall@10": 0.0,
      "recall@50": 0.002932551319648094,
      "recall@100": 0.0039100684261974585
    },
    "NX-003": {
      "recall@10": 0.012012012012012012,
      "recall@50": 0.024024024024024024,
      "recall@100": 0.03303303303303303
    },
    "NX-028": {
      "recall@10": 0.007530120481927711,
      "recall@50": 0.015060240963855422,
      "recall@100": 0.030120481927710843
    },
    "NX-006": {
      "recall@10": 0.006578947368421052,
      "recall@50": 0.013157894736842105,
      "recall@100": 0.013157894736842105
    },
    "NX-007": {
      "recall@10": 0.01098901098901099,
      "recall@50": 0.052503052503052504,
      "recall@100": 0.10012210012210013
    },
    "NX-068": {
      "recall@10": 0.0,
      "recall@50": 0.0,
      "recall@100": 0.0
    },
    "NX-061": {
      "recall@10": 0.0029850746268656717,
      "recall@50": 0.03283582089552239,
      "recall@100": 0.041791044776119404
    },
    "NX-048": {
      "recall@10": 0.015432098765432098,
      "recall@50": 0.027777777777777776,
      "recall@100": 0.033950617283950615
    },
    "NX-065": {
      "recall@10": 0.011467889908256881,
      "recall@50": 0.03669724770642202,
      "recall@100": 0.05733944954128441
    },
    "NX-053": {
      "recall@10": 0.01837270341207349,
      "recall@50": 0.06299212598425197,
      "recall@100": 0.09711286089238845
    },
    "NX-050": {
      "recall@10": 0.004016064257028112,
      "recall@50": 0.03480589022757698,
      "recall@100": 0.06827309236947791
    },
    "NX-049": {
      "recall@10": 0.008771929824561403,
      "recall@50": 0.049707602339181284,
      "recall@100": 0.08771929824561403
    },
    "NX-069": {
      "recall@10": 0.003355704697986577,
      "recall@50": 0.02348993288590604,
      "recall@100": 0.03691275167785235
    },
    "NX-047": {
      "recall@10": 0.014970059880239521,
      "recall@50": 0.038922155688622756,
      "recall@100": 0.05389221556886228
    },
    "NX-056": {
      "recall@10": 0.006211180124223602,
      "recall@50": 0.012422360248447204,
      "recall@100": 0.021739130434782608
    },
    "NX-043": {
      "recall@10": 0.0169971671388102,
      "recall@50": 0.019830028328611898,
      "recall@100": 0.025495750708215296
    },
    "NX-067": {
      "recall@10": 0.0,
      "recall@50": 0.01892744479495268,
      "recall@100": 0.03470031545741325
    },
    "NX-058": {
      "recall@10": 0.026058631921824105,
      "recall@50": 0.14332247557003258,
      "recall@100": 0.28664495114006516
    },
    "NX-063": {
      "recall@10": 0.0,
      "recall@50": 0.003472222222222222,
      "recall@100": 0.006944444444444444
    },
    "NX-059": {
      "recall@10": 0.0,
      "recall@50": 0.0,
      "recall@100": 0.0
    },
    "NX-071": {
      "recall@10": 0.0,
      "recall@50": 0.020289855072463767,
      "recall@100": 0.0463768115942029
    },
    "NX-052": {
      "recall@10": 0.0034965034965034965,
      "recall@50": 0.006993006993006993,
      "recall@100": 0.01048951048951049
    },
    "NX-064": {
      "recall@10": 0.0,
      "recall@50": 0.0,
      "recall@100": 0.0
    },
    "NX-045": {
      "recall@10": 0.013745704467353952,
      "recall@50": 0.03951890034364261,