{
  "tier": 1,
  "method": "colbert_colbert-ir_colbertv2.0",
  "model": "N/A",
  "metrics": {
    "recall@10": 0.005174064709648082,
    "ndcg@10": 0.257411267711871,
    "paper_recall@10": 0.005174064709648082,
    "patent_recall@10": 0.0,
    "recall@50": 0.017735961740266606,
    "ndcg@50": 0.21099636746051678,
    "paper_recall@50": 0.017735961740266606,
    "patent_recall@50": 0.0,
    "recall@100": 0.028497007619135283,
    "ndcg@100": 0.17922965933422835,
    "paper_recall@100": 0.028497007619135283,
    "patent_recall@100": 0.0,
    "map": 0.013911065431737625
  },
  "per_query": {
    "NX-010": {
      "recall@10": 0.000881057268722467,
      "recall@50": 0.004405286343612335,
      "recall@100": 0.009691629955947136
    },
    "NX-004": {
      "recall@10": 0.0011312217194570137,
      "recall@50": 0.004524886877828055,
      "recall@100": 0.011312217194570135
    },
    "NX-011": {
      "recall@10": 0.0,
      "recall@50": 0.004434589800443459,
      "recall@100": 0.008869179600886918
    },
    "NX-027": {
      "recall@10": 0.0,
      "recall@50": 0.0007288629737609329,
      "recall@100": 0.002186588921282799
    },
    "NX-038": {
      "recall@10": 0.009828009828009828,
      "recall@50": 0.0171990171990172,
      "recall@100": 0.019656019656019656
    },
    "NX-019": {
      "recall@10": 0.00569620253164557,
      "recall@50": 0.029746835443037974,
      "recall@100": 0.04556962025316456
    },
    "NX-040": {
      "recall@10": 0.0,
      "recall@50": 0.0048367593712212815,
      "recall@100": 0.007255139056831923
    },
    "NX-026": {
      "recall@10": 0.0028089887640449437,
      "recall@50": 0.008426966292134831,
      "recall@100": 0.011235955056179775
    },
    "NX-005": {
      "recall@10": 0.013719512195121951,
      "recall@50": 0.07469512195121951,
      "recall@100": 0.14634146341463414
    },
    "NX-034": {
      "recall@10": 0.005309734513274336,
      "recall@50": 0.021238938053097345,
      "recall@100": 0.035398230088495575
    },
    "NX-023": {
      "recall@10": 0.01557632398753894,
      "recall@50": 0.03426791277258567,
      "recall@100": 0.03426791277258567
    },
    "NX-012": {
      "recall@10": 0.014184397163120567,
      "recall@50": 0.030732860520094562,
      "recall@100": 0.04728132387706856
    },
    "NX-030": {
      "recall@10": 0.003861003861003861,
      "recall@50": 0.013513513513513514,
      "recall@100": 0.032818532818532815
    },
    "NX-022": {
      "recall@10": 0.007751937984496124,
      "recall@50": 0.03333333333333333,
      "recall@100": 0.06124031007751938
    },
    "NX-013": {
      "recall@10": 0.00684931506849315,
      "recall@50": 0.023972602739726026,
      "recall@100": 0.03995433789954338
    },
    "NX-025": {
      "recall@10": 0.002531645569620253,
      "recall@50": 0.00590717299578059,
      "recall@100": 0.01350210970464135
    },
    "NX-036": {
      "recall@10": 0.0012121212121212121,
      "recall@50": 0.005454545454545455,
      "recall@100": 0.013333333333333334
    },
    "NX-037": {
      "recall@10": 0.009569377990430622,
      "recall@50": 0.023923444976076555,
      "recall@100": 0.028708133971291867
    },
    "NX-033": {
      "recall@10": 0.009411764705882352,
      "recall@50": 0.021176470588235293,
      "recall@100": 0.04
    },
    "NX-014": {
      "recall@10": 0.014084507042253521,
      "recall@50": 0.03873239436619718,
      "recall@100": 0.09154929577464789
    },
    "NX-024": {
      "recall@10": 0.005597014925373134,
      "recall@50": 0.01585820895522388,
      "recall@100": 0.029850746268656716
    },
    "NX-021": {
      "recall@10": 0.0,
      "recall@50": 0.0014534883720930232,
      "recall@100": 0.0014534883720930232
    },
    "NX-029": {
      "recall@10": 0.0,
      "recall@50": 0.0,
      "recall@100": 0.0019455252918287938
    },
    "NX-039": {
      "recall@10": 0.0,
      "recall@50": 0.003257328990228013,
      "recall@100": 0.003257328990228013
    },
    "NX-031": {
      "recall@10": 0.000657030223390276,
      "recall@50": 0.000657030223390276,
      "recall@100": 0.0019710906701708277
    },
    "NX-020": {
      "recall@10": 0.0021961932650073207,
      "recall@50": 0.008052708638360176,
      "recall@100": 0.00951683748169839
    },
    "NX-017": {
      "recall@10": 0.0044994375703037125,
      "recall@50": 0.019122609673790775,
      "recall@100": 0.030371203599550055
    },
    "NX-042": {
      "recall@10": 0.0,
      "recall@50": 0.004273504273504274,
      "recall@100": 0.011396011396011397
    },
    "NX-035": {
      "recall@10": 0.007886435331230283,
      "recall@50": 0.011041009463722398,
      "recall@100": 0.011041009463722398
    },
    "NX-032": {
      "recall@10": 0.0,
      "recall@50": 0.0,
      "recall@100": 0.0013157894736842105
    },
    "NX-001": {
      "recall@10": 0.0,
      "recall@50": 0.0009775171065493646,
      "recall@100": 0.0009775171065493646
    },
    "NX-003": {
      "recall@10": 0.012012012012012012,
      "recall@50": 0.03003003003003003,
      "recall@100": 0.04804804804804805
    },
    "NX-028": {
      "recall@10": 0.01355421686746988,
      "recall@50": 0.046686746987951805,
      "recall@100": 0.07530120481927711
    },
    "NX-006": {
      "recall@10": 0.013157894736842105,
      "recall@50": 0.01644736842105263,
      "recall@100": 0.019736842105263157
    },
    "NX-007": {
      "recall@10": 0.01098901098901099,
      "recall@50": 0.0463980463980464,
      "recall@100": 0.07814407814407814
    },
    "NX-068": {
      "recall@10": 0.0036496350364963502,
      "recall@50": 0.0036496350364963502,
      "recall@100": 0.0036496350364963502
    },
    "NX-061": {
      "recall@10": 0.0,
      "recall@50": 0.0,
      "recall@100": 0.0
    },
    "NX-048": {
      "recall@10": 0.006172839506172839,
      "recall@50": 0.037037037037037035,
      "recall@100": 0.046296296296296294
    },
    "NX-065": {
      "recall@10": 0.013761467889908258,
      "recall@50": 0.0389908256880734,
      "recall@100": 0.0481651376146789
    },
    "NX-053": {
      "recall@10": 0.005249343832020997,
      "recall@50": 0.02099737532808399,
      "recall@100": 0.031496062992125984
    },
    "NX-050": {
      "recall@10": 0.009370816599732263,
      "recall@50": 0.05622489959839357,
      "recall@100": 0.09370816599732262
    },
    "NX-049": {
      "recall@10": 0.014619883040935672,
      "recall@50": 0.07602339181286549,
      "recall@100": 0.1111111111111111
    },
    "NX-069": {
      "recall@10": 0.003355704697986577,
      "recall@50": 0.013422818791946308,
      "recall@100": 0.013422818791946308
    },
    "NX-047": {
      "recall@10": 0.017964071856287425,
      "recall@50": 0.041916167664670656,
      "recall@100": 0.07784431137724551
    },
    "NX-056": {
      "recall@10": 0.006211180124223602,
      "recall@50": 0.027950310559006212,
      "recall@100": 0.052795031055900624
    },
    "NX-043": {
      "recall@10": 0.0,
      "recall@50": 0.0,
      "recall@100": 0.0028328611898017
    },
    "NX-067": {
      "recall@10": 0.0031545741324921135,
      "recall@50": 0.01892744479495268,
      "recall@100": 0.022082018927444796
    },
    "NX-058": {
      "recall@10": 0.009771986970684038,
      "recall@50": 0.04560260586319218,
      "recall@100": 0.05863192182410423
    },
    "NX-063": {
      "recall@10": 0.003472222222222222,
      "recall@50": 0.003472222222222222,
      "recall@100": 0.010416666666666666
    },
    "NX-059": {
      "recall@10": 0.0,
      "recall@50": 0.0,
      "recall@100": 0.0
    },
    "NX-071": {
      "recall@10": 0.0,
      "recall@50": 0.014492753623188406,
      "recall@100": 0.05217391304347826
    },
    "NX-052": {
      "recall@10": 0.0,
      "recall@50": 0.0,
      "recall@100": 0.0
    },
    "NX-064": {
      "recall@10": 0.0,
      "recall@50": 0.017167381974248927,
      "recall@100": 0.02575107296137339
    },
    "NX-045": {
      "recall@10": 0.003436426116838488,
      "recall@50": 0.006872852233676976,