{
  "tier": 1,
  "method": "dense_BAAI_bge-base-en-v1.5",
  "model": "N/A",
  "metrics": {
    "recall@10": 0.0077575945322411344,
    "ndcg@10": 0.35031347364890464,
    "paper_recall@10": 0.0077575945322411344,
    "patent_recall@10": 0.0,
    "recall@50": 0.03164758776521258,
    "ndcg@50": 0.3323234207901434,
    "paper_recall@50": 0.03164758776521258,
    "patent_recall@50": 0.0,
    "recall@100": 0.05424458458058992,
    "ndcg@100": 0.3027440495676604,
    "paper_recall@100": 0.05424458458058992,
    "patent_recall@100": 0.0,
    "map": 0.033387663840006035
  },
  "per_query": {
    "NX-010": {
      "recall@10": 0.006167400881057269,
      "recall@50": 0.03700440528634361,
      "recall@100": 0.07488986784140969
    },
    "NX-004": {
      "recall@10": 0.0011312217194570137,
      "recall@50": 0.010180995475113122,
      "recall@100": 0.024886877828054297
    },
    "NX-011": {
      "recall@10": 0.017738359201773836,
      "recall@50": 0.03991130820399113,
      "recall@100": 0.07317073170731707
    },
    "NX-027": {
      "recall@10": 0.006559766763848397,
      "recall@50": 0.03571428571428571,
      "recall@100": 0.0706997084548105
    },
    "NX-038": {
      "recall@10": 0.019656019656019656,
      "recall@50": 0.04668304668304668,
      "recall@100": 0.06388206388206388
    },
    "NX-019": {
      "recall@10": 0.00569620253164557,
      "recall@50": 0.027848101265822784,
      "recall@100": 0.046202531645569624
    },
    "NX-040": {
      "recall@10": 0.006045949214026602,
      "recall@50": 0.022974607013301087,
      "recall@100": 0.04353083434099154
    },
    "NX-026": {
      "recall@10": 0.016853932584269662,
      "recall@50": 0.047752808988764044,
      "recall@100": 0.06179775280898876
    },
    "NX-005": {
      "recall@10": 0.013719512195121951,
      "recall@50": 0.07469512195121951,
      "recall@100": 0.15091463414634146
    },
    "NX-034": {
      "recall@10": 0.0017699115044247787,
      "recall@50": 0.02654867256637168,
      "recall@100": 0.03716814159292035
    },
    "NX-023": {
      "recall@10": 0.009345794392523364,
      "recall@50": 0.028037383177570093,
      "recall@100": 0.040498442367601244
    },
    "NX-012": {
      "recall@10": 0.02127659574468085,
      "recall@50": 0.11583924349881797,
      "recall@100": 0.2293144208037825
    },
    "NX-030": {
      "recall@10": 0.0,
      "recall@50": 0.015444015444015444,
      "recall@100": 0.025096525096525095
    },
    "NX-022": {
      "recall@10": 0.006201550387596899,
      "recall@50": 0.03255813953488372,
      "recall@100": 0.06201550387596899
    },
    "NX-013": {
      "recall@10": 0.003424657534246575,
      "recall@50": 0.021689497716894976,
      "recall@100": 0.0502283105022831
    },
    "NX-025": {
      "recall@10": 0.0016877637130801688,
      "recall@50": 0.009282700421940928,
      "recall@100": 0.018565400843881856
    },
    "NX-036": {
      "recall@10": 0.0030303030303030303,
      "recall@50": 0.01575757575757576,
      "recall@100": 0.034545454545454546
    },
    "NX-037": {
      "recall@10": 0.011961722488038277,
      "recall@50": 0.05263157894736842,
      "recall@100": 0.06698564593301436
    },
    "NX-033": {
      "recall@10": 0.011764705882352941,
      "recall@50": 0.03764705882352941,
      "recall@100": 0.047058823529411764
    },
    "NX-014": {
      "recall@10": 0.02112676056338028,
      "recall@50": 0.08098591549295775,
      "recall@100": 0.11267605633802817
    },
    "NX-024": {
      "recall@10": 0.0037313432835820895,
      "recall@50": 0.013059701492537313,
      "recall@100": 0.02332089552238806
    },
    "NX-021": {
      "recall@10": 0.0,
      "recall@50": 0.0029069767441860465,
      "recall@100": 0.007267441860465116
    },
    "NX-029": {
      "recall@10": 0.0,
      "recall@50": 0.0,
      "recall@100": 0.0019455252918287938
    },
    "NX-039": {
      "recall@10": 0.0,
      "recall@50": 0.0016286644951140066,
      "recall@100": 0.003257328990228013
    },
    "NX-031": {
      "recall@10": 0.0019710906701708277,
      "recall@50": 0.006570302233902759,
      "recall@100": 0.00788436268068331
    },
    "NX-020": {
      "recall@10": 0.0021961932650073207,
      "recall@50": 0.008052708638360176,
      "recall@100": 0.013177159590043924
    },
    "NX-017": {
      "recall@10": 0.00562429696287964,
      "recall@50": 0.031496062992125984,
      "recall@100": 0.06636670416197975
    },
    "NX-042": {
      "recall@10": 0.007122507122507123,
      "recall@50": 0.024216524216524215,
      "recall@100": 0.03276353276353276
    },
    "NX-035": {
      "recall@10": 0.011041009463722398,
      "recall@50": 0.03627760252365931,
      "recall@100": 0.061514195583596214
    },
    "NX-032": {
      "recall@10": 0.0006578947368421052,
      "recall@50": 0.0013157894736842105,
      "recall@100": 0.0013157894736842105
    },
    "NX-001": {
      "recall@10": 0.004887585532746823,
      "recall@50": 0.011730205278592375,
      "recall@100": 0.015640273704789834
    },
    "NX-003": {
      "recall@10": 0.02702702702702703,
      "recall@50": 0.11711711711711711,
      "recall@100": 0.19519519519519518
    },
    "NX-028": {
      "recall@10": 0.012048192771084338,
      "recall@50": 0.0572289156626506,
      "recall@100": 0.1144578313253012
    },
    "NX-006": {
      "recall@10": 0.013157894736842105,
      "recall@50": 0.019736842105263157,
      "recall@100": 0.02631578947368421
    },
    "NX-007": {
      "recall@10": 0.01098901098901099,
      "recall@50": 0.057387057387057384,
      "recall@100": 0.11355311355311355
    },
    "NX-068": {
      "recall@10": 0.0072992700729927005,
      "recall@50": 0.010948905109489052,
      "recall@100": 0.010948905109489052
    },
    "NX-061": {
      "recall@10": 0.008955223880597015,
      "recall@50": 0.020895522388059702,
      "recall@100": 0.03880597014925373
    },
    "NX-048": {
      "recall@10": 0.015432098765432098,
      "recall@50": 0.04938271604938271,
      "recall@100": 0.07407407407407407
    },
    "NX-065": {
      "recall@10": 0.01834862385321101,
      "recall@50": 0.05045871559633028,
      "recall@100": 0.0871559633027523
    },
    "NX-053": {
      "recall@10": 0.015748031496062992,
      "recall@50": 0.04461942257217848,
      "recall@100": 0.06036745406824147
    },
    "NX-050": {
      "recall@10": 0.012048192771084338,
      "recall@50": 0.06291834002677377,
      "recall@100": 0.11780455153949129
    },
    "NX-049": {
      "recall@10": 0.014619883040935672,
      "recall@50": 0.07894736842105263,
      "recall@100": 0.14327485380116958
    },
    "NX-069": {
      "recall@10": 0.003355704697986577,
      "recall@50": 0.010067114093959731,
      "recall@100": 0.030201342281879196
    },
    "NX-047": {
      "recall@10": 0.020958083832335328,
      "recall@50": 0.09580838323353294,
      "recall@100": 0.15269461077844312
    },
    "NX-056": {
      "recall@10": 0.015527950310559006,
      "recall@50": 0.09006211180124224,
      "recall@100": 0.15217391304347827
    },
    "NX-043": {
      "recall@10": 0.0028328611898017,
      "recall@50": 0.0113314447592068,
      "recall@100": 0.0226628895184136
    },
    "NX-067": {
      "recall@10": 0.012618296529968454,
      "recall@50": 0.03470031545741325,
      "recall@100": 0.08517350157728706
    },
    "NX-058": {
      "recall@10": 0.029315960912052116,
      "recall@50": 0.14332247557003258,
      "recall@100": 0.25732899022801303
    },
    "NX-063": {
      "recall@10": 0.0,
      "recall@50": 0.003472222222222222,
      "recall@100": 0.003472222222222222
    },
    "NX-059": {
      "recall@10": 0.0,
      "recall@50": 0.0,
      "recall@100": 0.0
    },
    "NX-071": {
      "recall@10": 0.002898550724637681,
      "recall@50": 0.028985507246376812,
      "recall@100": 0.05217391304347826
    },
    "NX-052": {
      "recall@10": 0.0,
      "recall@50": 0.0,
      "recall@100": 0.0034965034965034965
    },
    "NX-064": {
      "recall@10": 0.006437768240343348,