{
  "tier": 1,
  "method": "hyde",
  "model": "gpt-5.2",
  "metrics": {
    "recall@10": 0.007474700799133868,
    "ndcg@10": 0.34476969015510583,
    "paper_recall@10": 0.007474700799133868,
    "patent_recall@10": 0.0,
    "recall@50": 0.031001821103122367,
    "ndcg@50": 0.3254058135939629,
    "paper_recall@50": 0.031001821103122367,
    "patent_recall@50": 0.0,
    "recall@100": 0.052575874628002124,
    "ndcg@100": 0.29266281564874724,
    "paper_recall@100": 0.052575874628002124,
    "patent_recall@100": 0.0,
    "map": 0.03243868573889468
  },
  "per_query": {
    "NX-010": {
      "recall@10": 0.006167400881057269,
      "recall@50": 0.038766519823788544,
      "recall@100": 0.07929515418502203
    },
    "NX-004": {
      "recall@10": 0.0011312217194570137,
      "recall@50": 0.014705882352941176,
      "recall@100": 0.024886877828054297
    },
    "NX-011": {
      "recall@10": 0.017738359201773836,
      "recall@50": 0.050997782705099776,
      "recall@100": 0.06651884700665188
    },
    "NX-027": {
      "recall@10": 0.007288629737609329,
      "recall@50": 0.03571428571428571,
      "recall@100": 0.07215743440233237
    },
    "NX-038": {
      "recall@10": 0.019656019656019656,
      "recall@50": 0.044226044226044224,
      "recall@100": 0.04914004914004914
    },
    "NX-019": {
      "recall@10": 0.005063291139240506,
      "recall@50": 0.02278481012658228,
      "recall@100": 0.03417721518987342
    },
    "NX-040": {
      "recall@10": 0.0012091898428053204,
      "recall@50": 0.022974607013301087,
      "recall@100": 0.04232164449818621
    },
    "NX-026": {
      "recall@10": 0.019662921348314606,
      "recall@50": 0.03932584269662921,
      "recall@100": 0.05898876404494382
    },
    "NX-005": {
      "recall@10": 0.013719512195121951,
      "recall@50": 0.07164634146341463,
      "recall@100": 0.13871951219512196
    },
    "NX-034": {
      "recall@10": 0.008849557522123894,
      "recall@50": 0.04070796460176991,
      "recall@100": 0.06017699115044248
    },
    "NX-023": {
      "recall@10": 0.01557632398753894,
      "recall@50": 0.04361370716510903,
      "recall@100": 0.08099688473520249
    },
    "NX-012": {
      "recall@10": 0.02127659574468085,
      "recall@50": 0.11583924349881797,
      "recall@100": 0.22695035460992907
    },
    "NX-030": {
      "recall@10": 0.0,
      "recall@50": 0.013513513513513514,
      "recall@100": 0.025096525096525095
    },
    "NX-022": {
      "recall@10": 0.0069767441860465115,
      "recall@50": 0.02945736434108527,
      "recall@100": 0.05271317829457364
    },
    "NX-013": {
      "recall@10": 0.00684931506849315,
      "recall@50": 0.028538812785388126,
      "recall@100": 0.05365296803652968
    },
    "NX-025": {
      "recall@10": 0.0016877637130801688,
      "recall@50": 0.00590717299578059,
      "recall@100": 0.012658227848101266
    },
    "NX-036": {
      "recall@10": 0.0030303030303030303,
      "recall@50": 0.015151515151515152,
      "recall@100": 0.03515151515151515
    },
    "NX-037": {
      "recall@10": 0.0,
      "recall@50": 0.0023923444976076554,
      "recall@100": 0.0023923444976076554
    },
    "NX-033": {
      "recall@10": 0.018823529411764704,
      "recall@50": 0.08705882352941176,
      "recall@100": 0.1223529411764706
    },
    "NX-014": {
      "recall@10": 0.02464788732394366,
      "recall@50": 0.08098591549295775,
      "recall@100": 0.13028169014084506
    },
    "NX-024": {
      "recall@10": 0.0018656716417910447,
      "recall@50": 0.01585820895522388,
      "recall@100": 0.024253731343283583
    },
    "NX-021": {
      "recall@10": 0.0,
      "recall@50": 0.0,
      "recall@100": 0.0
    },
    "NX-029": {
      "recall@10": 0.0,
      "recall@50": 0.0,
      "recall@100": 0.0038910505836575876
    },
    "NX-039": {
      "recall@10": 0.0,
      "recall@50": 0.003257328990228013,
      "recall@100": 0.004885993485342019
    },
    "NX-031": {
      "recall@10": 0.001314060446780552,
      "recall@50": 0.0032851511169513796,
      "recall@100": 0.008541392904073587
    },
    "NX-020": {
      "recall@10": 0.0036603221083455345,
      "recall@50": 0.008784773060029283,
      "recall@100": 0.010980966325036604
    },
    "NX-017": {
      "recall@10": 0.006749156355455568,
      "recall@50": 0.0281214848143982,
      "recall@100": 0.06636670416197975
    },
    "NX-042": {
      "recall@10": 0.005698005698005698,
      "recall@50": 0.018518518518518517,
      "recall@100": 0.029914529914529916
    },
    "NX-035": {
      "recall@10": 0.012618296529968454,
      "recall@50": 0.031545741324921134,
      "recall@100": 0.05362776025236593
    },
    "NX-032": {
      "recall@10": 0.0006578947368421052,
      "recall@50": 0.0013157894736842105,
      "recall@100": 0.001973684210526316
    },
    "NX-001": {
      "recall@10": 0.006842619745845552,
      "recall@50": 0.016617790811339198,
      "recall@100": 0.020527859237536656
    },
    "NX-003": {
      "recall@10": 0.02702702702702703,
      "recall@50": 0.12912912912912913,
      "recall@100": 0.2072072072072072
    },
    "NX-028": {
      "recall@10": 0.012048192771084338,
      "recall@50": 0.04819277108433735,
      "recall@100": 0.10240963855421686
    },
    "NX-006": {
      "recall@10": 0.009868421052631578,
      "recall@50": 0.019736842105263157,
      "recall@100": 0.02631578947368421
    },
    "NX-007": {
      "recall@10": 0.01098901098901099,
      "recall@50": 0.057387057387057384,
      "recall@100": 0.10622710622710622
    },
    "NX-068": {
      "recall@10": 0.0036496350364963502,
      "recall@50": 0.0036496350364963502,
      "recall@100": 0.0036496350364963502
    },
    "NX-061": {
      "recall@10": 0.008955223880597015,
      "recall@50": 0.014925373134328358,
      "recall@100": 0.03283582089552239
    },
    "NX-048": {
      "recall@10": 0.009259259259259259,
      "recall@50": 0.033950617283950615,
      "recall@100": 0.05864197530864197
    },
    "NX-065": {
      "recall@10": 0.016055045871559634,
      "recall@50": 0.04128440366972477,
      "recall@100": 0.07339449541284404
    },
    "NX-053": {
      "recall@10": 0.013123359580052493,
      "recall@50": 0.04461942257217848,
      "recall@100": 0.07874015748031496
    },
    "NX-050": {
      "recall@10": 0.012048192771084338,
      "recall@50": 0.058902275769745646,
      "recall@100": 0.11646586345381527
    },
    "NX-049": {
      "recall@10": 0.02046783625730994,
      "recall@50": 0.07894736842105263,
      "recall@100": 0.11988304093567251
    },
    "NX-069": {
      "recall@10": 0.003355704697986577,
      "recall@50": 0.003355704697986577,
      "recall@100": 0.020134228187919462
    },
    "NX-047": {
      "recall@10": 0.020958083832335328,
      "recall@50": 0.10479041916167664,
      "recall@100": 0.16766467065868262
    },
    "NX-056": {
      "recall@10": 0.012422360248447204,
      "recall@50": 0.049689440993788817,
      "recall@100": 0.08074534161490683
    },
    "NX-043": {
      "recall@10": 0.0,
      "recall@50": 0.0169971671388102,
      "recall@100": 0.028328611898016998
    },
    "NX-067": {
      "recall@10": 0.00946372239747634,
      "recall@50": 0.05362776025236593,
      "recall@100": 0.08832807570977919
    },
    "NX-058": {
      "recall@10": 0.026058631921824105,
      "recall@50": 0.13355048859934854,
      "recall@100": 0.23778501628664495
    },
    "NX-063": {
      "recall@10": 0.0,
      "recall@50": 0.0,
      "recall@100": 0.0
    },
    "NX-059": {
      "recall@10": 0.0,
      "recall@50": 0.0,
      "recall@100": 0.0
    },
    "NX-071": {
      "recall@10": 0.002898550724637681,
      "recall@50": 0.04927536231884058,
      "recall@100": 0.0927536231884058
    },
    "NX-052": {
      "recall@10": 0.0,
      "recall@50": 0.0034965034965034965,
      "recall@100": 0.01048951048951049
    },
    "NX-064": {
      "recall@10": 0.008583690987124463,
      "recall@50": 0.03862660944206009,
      "recall@100": 0.055793991416309016
    },