{
  "tier": 1,
  "method": "hyde",
  "model": "gemini-3-pro-preview",
  "metrics": {
    "recall@10": 0.001328834487398081,
    "ndcg@10": 0.07463486232645394,
    "paper_recall@10": 0.001328834487398081,
    "patent_recall@10": 0.0,
    "recall@50": 0.0063472503373270235,
    "ndcg@50": 0.07096973581729456,
    "paper_recall@50": 0.0063472503373270235,
    "patent_recall@50": 0.0,
    "recall@100": 0.011957039887920302,
    "ndcg@100": 0.06738716579407218,
    "paper_recall@100": 0.011957039887920302,
    "patent_recall@100": 0.0,
    "map": 0.004590687919257375
  },
  "per_query": {
    "NX-010": {
      "recall@10": 0.0,
      "recall@50": 0.000881057268722467,
      "recall@100": 0.0026431718061674008
    },
    "NX-004": {
      "recall@10": 0.0,
      "recall@50": 0.0,
      "recall@100": 0.0
    },
    "NX-011": {
      "recall@10": 0.0066518847006651885,
      "recall@50": 0.03325942350332594,
      "recall@100": 0.06651884700665188
    },
    "NX-027": {
      "recall@10": 0.0014577259475218659,
      "recall@50": 0.00510204081632653,
      "recall@100": 0.007288629737609329
    },
    "NX-038": {
      "recall@10": 0.002457002457002457,
      "recall@50": 0.0171990171990172,
      "recall@100": 0.04668304668304668
    },
    "NX-019": {
      "recall@10": 0.006329113924050633,
      "recall@50": 0.03164556962025317,
      "recall@100": 0.056329113924050635
    },
    "NX-040": {
      "recall@10": 0.0,
      "recall@50": 0.0,
      "recall@100": 0.0
    },
    "NX-026": {
      "recall@10": 0.0,
      "recall@50": 0.0,
      "recall@100": 0.0
    },
    "NX-005": {
      "recall@10": 0.012195121951219513,
      "recall@50": 0.054878048780487805,
      "recall@100": 0.09298780487804878
    },
    "NX-034": {
      "recall@10": 0.0,
      "recall@50": 0.0,
      "recall@100": 0.0017699115044247787
    },
    "NX-023": {
      "recall@10": 0.0,
      "recall@50": 0.003115264797507788,
      "recall@100": 0.009345794392523364
    },
    "NX-012": {
      "recall@10": 0.0,
      "recall@50": 0.0,
      "recall@100": 0.0
    },
    "NX-030": {
      "recall@10": 0.0,
      "recall@50": 0.0,
      "recall@100": 0.0
    },
    "NX-022": {
      "recall@10": 0.0,
      "recall@50": 0.0,
      "recall@100": 0.0
    },
    "NX-013": {
      "recall@10": 0.00228310502283105,
      "recall@50": 0.003424657534246575,
      "recall@100": 0.005707762557077625
    },
    "NX-025": {
      "recall@10": 0.0,
      "recall@50": 0.0,
      "recall@100": 0.0
    },
    "NX-036": {
      "recall@10": 0.0,
      "recall@50": 0.0,
      "recall@100": 0.0006060606060606061
    },
    "NX-037": {
      "recall@10": 0.0,
      "recall@50": 0.0,
      "recall@100": 0.0
    },
    "NX-033": {
      "recall@10": 0.0,
      "recall@50": 0.002352941176470588,
      "recall@100": 0.002352941176470588
    },
    "NX-014": {
      "recall@10": 0.01056338028169014,
      "recall@50": 0.0528169014084507,
      "recall@100": 0.10211267605633803
    },
    "NX-024": {
      "recall@10": 0.0,
      "recall@50": 0.0,
      "recall@100": 0.0
    },
    "NX-021": {
      "recall@10": 0.0,
      "recall@50": 0.0,
      "recall@100": 0.0
    },
    "NX-029": {
      "recall@10": 0.0019455252918287938,
      "recall@50": 0.0038910505836575876,
      "recall@100": 0.005836575875486381
    },
    "NX-039": {
      "recall@10": 0.0,
      "recall@50": 0.0,
      "recall@100": 0.0016286644951140066
    },
    "NX-031": {
      "recall@10": 0.0,
      "recall@50": 0.0,
      "recall@100": 0.0
    },
    "NX-020": {
      "recall@10": 0.0,
      "recall@50": 0.0,
      "recall@100": 0.0007320644216691069
    },
    "NX-017": {
      "recall@10": 0.0011248593925759281,
      "recall@50": 0.030371203599550055,
      "recall@100": 0.06974128233970754
    },
    "NX-042": {
      "recall@10": 0.0,
      "recall@50": 0.0,
      "recall@100": 0.0
    },
    "NX-035": {
      "recall@10": 0.0,
      "recall@50": 0.0,
      "recall@100": 0.0
    },
    "NX-032": {
      "recall@10": 0.0,
      "recall@50": 0.0006578947368421052,
      "recall@100": 0.0006578947368421052
    },
    "NX-001": {
      "recall@10": 0.0,
      "recall@50": 0.0009775171065493646,
      "recall@100": 0.0009775171065493646
    },
    "NX-003": {
      "recall@10": 0.0,
      "recall@50": 0.0,
      "recall@100": 0.0
    },
    "NX-028": {
      "recall@10": 0.0,
      "recall@50": 0.0,
      "recall@100": 0.0015060240963855422
    },
    "NX-006": {
      "recall@10": 0.0,
      "recall@50": 0.003289473684210526,
      "recall@100": 0.003289473684210526
    },
    "NX-007": {
      "recall@10": 0.0,
      "recall@50": 0.001221001221001221,
      "recall@100": 0.003663003663003663
    },
    "NX-068": {
      "recall@10": 0.0036496350364963502,
      "recall@50": 0.014598540145985401,
      "recall@100": 0.021897810218978103
    },
    "NX-061": {
      "recall@10": 0.008955223880597015,
      "recall@50": 0.03582089552238806,
      "recall@100": 0.0626865671641791
    },
    "NX-048": {
      "recall@10": 0.0,
      "recall@50": 0.0,
      "recall@100": 0.0
    },
    "NX-065": {
      "recall@10": 0.0,
      "recall@50": 0.0,
      "recall@100": 0.0045871559633027525
    },
    "NX-053": {
      "recall@10": 0.005249343832020997,
      "recall@50": 0.03412073490813648,
      "recall@100": 0.07086614173228346
    },
    "NX-050": {
      "recall@10": 0.0,
      "recall@50": 0.002677376171352075,
      "recall@100": 0.00535475234270415
    },
    "NX-049": {
      "recall@10": 0.0,
      "recall@50": 0.0,
      "recall@100": 0.0
    },
    "NX-069": {
      "recall@10": 0.0,
      "recall@50": 0.0,
      "recall@100": 0.0
    },
    "NX-047": {
      "recall@10": 0.0,
      "recall@50": 0.0,
      "recall@100": 0.0
    },
    "NX-056": {
      "recall@10": 0.0,
      "recall@50": 0.012422360248447204,
      "recall@100": 0.031055900621118012
    },
    "NX-043": {
      "recall@10": 0.0,
      "recall@50": 0.0,
      "recall@100": 0.0
    },
    "NX-067": {
      "recall@10": 0.00946372239747634,
      "recall@50": 0.012618296529968454,
      "recall@100": 0.015772870662460567
    },
    "NX-058": {
      "recall@10": 0.0,
      "recall@50": 0.0,
      "recall@100": 0.0
    },
    "NX-063": {
      "recall@10": 0.0,
      "recall@50": 0.0,
      "recall@100": 0.0
    },
    "NX-059": {
      "recall@10": 0.0,
      "recall@50": 0.0,
      "recall@100": 0.0
    },
    "NX-071": {
      "recall@10": 0.008695652173913044,
      "recall@50": 0.020289855072463767,
      "recall@100": 0.028985507246376812
    },
    "NX-052": {
      "recall@10": 0.0,
      "recall@50": 0.01048951048951049,
      "recall@100": 0.024475524475524476
    },
    "NX-064": {
      "recall@10": 0.004291845493562232,
      "recall@50": 0.008583690987124463,
      "recall@100": 0.008583690987124463
    },
    "NX-045": {
      "recall@10": 0.0,
      "recall@50": 0.0,
      "recall@100": 0.001718213058419244
    },
    "NX-055": {
      "recall@10": 0.0,
      "recall@50": 0.0034482758620689655,
      "recall@100": 0.020689655172413793
    },
    "NX-046": {
      "recall@10": 0.00411522633744856,
      "recall@50": 0.00411522633744856,
      "recall@100": 0.00823045267489712
    },
    "NX-060": {
      "recall@10": 0.0,
      "recall@50": 0.0,
      "recall@100": 0.0
    },
    "NX-057": {
      "recall@10": 0.0,
      "recall@50": 0.0,
      "recall@100": 0.0
    },
    "NX-066": {
      "recall@10": 0.0,
      "recall@50": 0.0,
      "recall@100": 0.0
    },
    "NX-044": {
      "recall@10": 0.008389261744966443,
      "recall@50": 0.03355704697986577,
      "recall@100": 0.06543624161073826
    },
    "NX-081": {
      "recall@10": 0.0,
      "recall@50": 0.0,
      "recall@100": 0.0
    },
    "NX-080": {
      "recall@10": 0.0,
      "recall@50": 0.0,
      "recall@100": 0.00047664442326024784
    },
    "NX-084": {
      "recall@10": 0.0,
      "recall@50": 0.0,
      "recall@100": 0.006191950464396285
    },