{
  "tier": 1,
  "method": "hybrid_rrf",
  "model": "N/A",
  "metrics": {
    "recall@10": 0.006828898882714928,
    "ndcg@10": 0.31271317545216304,
    "paper_recall@10": 0.006828898882714928,
    "patent_recall@10": 0.0,
    "recall@50": 0.028048763926755788,
    "ndcg@50": 0.2938196979789159,
    "paper_recall@50": 0.028048763926755788,
    "patent_recall@50": 0.0,
    "recall@100": 0.047913684393025686,
    "ndcg@100": 0.2637429741397429,
    "paper_recall@100": 0.047913684393025686,
    "patent_recall@100": 0.0,
    "map": 0.027000010289085358
  },
  "per_query": {
    "NX-010": {
      "recall@10": 0.007048458149779736,
      "recall@50": 0.02907488986784141,
      "recall@100": 0.04933920704845815
    },
    "NX-004": {
      "recall@10": 0.0,
      "recall@50": 0.010180995475113122,
      "recall@100": 0.019230769230769232
    },
    "NX-011": {
      "recall@10": 0.013303769401330377,
      "recall@50": 0.04656319290465632,
      "recall@100": 0.06651884700665188
    },
    "NX-027": {
      "recall@10": 0.006559766763848397,
      "recall@50": 0.03571428571428571,
      "recall@100": 0.06778425655976676
    },
    "NX-038": {
      "recall@10": 0.0171990171990172,
      "recall@50": 0.044226044226044224,
      "recall@100": 0.056511056511056514
    },
    "NX-019": {
      "recall@10": 0.004430379746835443,
      "recall@50": 0.024683544303797468,
      "recall@100": 0.03860759493670886
    },
    "NX-040": {
      "recall@10": 0.0048367593712212815,
      "recall@50": 0.02418379685610641,
      "recall@100": 0.036275695284159616
    },
    "NX-026": {
      "recall@10": 0.011235955056179775,
      "recall@50": 0.042134831460674156,
      "recall@100": 0.06460674157303371
    },
    "NX-005": {
      "recall@10": 0.013719512195121951,
      "recall@50": 0.07469512195121951,
      "recall@100": 0.15091463414634146
    },
    "NX-034": {
      "recall@10": 0.0017699115044247787,
      "recall@50": 0.010619469026548672,
      "recall@100": 0.02654867256637168
    },
    "NX-023": {
      "recall@10": 0.009345794392523364,
      "recall@50": 0.03115264797507788,
      "recall@100": 0.04984423676012461
    },
    "NX-012": {
      "recall@10": 0.02127659574468085,
      "recall@50": 0.11347517730496454,
      "recall@100": 0.2222222222222222
    },
    "NX-030": {
      "recall@10": 0.0,
      "recall@50": 0.009652509652509652,
      "recall@100": 0.025096525096525095
    },
    "NX-022": {
      "recall@10": 0.003875968992248062,
      "recall@50": 0.020930232558139535,
      "recall@100": 0.03643410852713178
    },
    "NX-013": {
      "recall@10": 0.0045662100456621,
      "recall@50": 0.0273972602739726,
      "recall@100": 0.04452054794520548
    },
    "NX-025": {
      "recall@10": 0.002531645569620253,
      "recall@50": 0.007594936708860759,
      "recall@100": 0.014345991561181435
    },
    "NX-036": {
      "recall@10": 0.0030303030303030303,
      "recall@50": 0.012727272727272728,
      "recall@100": 0.02666666666666667
    },
    "NX-037": {
      "recall@10": 0.009569377990430622,
      "recall@50": 0.03827751196172249,
      "recall@100": 0.07177033492822966
    },
    "NX-033": {
      "recall@10": 0.004705882352941176,
      "recall@50": 0.03058823529411765,
      "recall@100": 0.04941176470588235
    },
    "NX-014": {
      "recall@10": 0.02112676056338028,
      "recall@50": 0.06338028169014084,
      "recall@100": 0.11267605633802817
    },
    "NX-024": {
      "recall@10": 0.0037313432835820895,
      "recall@50": 0.010261194029850746,
      "recall@100": 0.018656716417910446
    },
    "NX-021": {
      "recall@10": 0.0,
      "recall@50": 0.0014534883720930232,
      "recall@100": 0.005813953488372093
    },
    "NX-029": {
      "recall@10": 0.0,
      "recall@50": 0.0019455252918287938,
      "recall@100": 0.005836575875486381
    },
    "NX-039": {
      "recall@10": 0.0016286644951140066,
      "recall@50": 0.0016286644951140066,
      "recall@100": 0.003257328990228013
    },
    "NX-031": {
      "recall@10": 0.002628120893561104,
      "recall@50": 0.00788436268068331,
      "recall@100": 0.00985545335085414
    },
    "NX-020": {
      "recall@10": 0.0007320644216691069,
      "recall@50": 0.005856515373352855,
      "recall@100": 0.01171303074670571
    },
    "NX-017": {
      "recall@10": 0.003374578177727784,
      "recall@50": 0.014623172103487065,
      "recall@100": 0.03374578177727784
    },
    "NX-042": {
      "recall@10": 0.008547008547008548,
      "recall@50": 0.024216524216524215,
      "recall@100": 0.03133903133903134
    },
    "NX-035": {
      "recall@10": 0.00946372239747634,
      "recall@50": 0.02996845425867508,
      "recall@100": 0.0473186119873817
    },
    "NX-032": {
      "recall@10": 0.0,
      "recall@50": 0.0006578947368421052,
      "recall@100": 0.001973684210526316
    },
    "NX-001": {
      "recall@10": 0.002932551319648094,
      "recall@50": 0.008797653958944282,
      "recall@100": 0.011730205278592375
    },
    "NX-003": {
      "recall@10": 0.021021021021021023,
      "recall@50": 0.06006006006006006,
      "recall@100": 0.11711711711711711
    },
    "NX-028": {
      "recall@10": 0.012048192771084338,
      "recall@50": 0.04216867469879518,
      "recall@100": 0.07078313253012049
    },
    "NX-006": {
      "recall@10": 0.009868421052631578,
      "recall@50": 0.02631578947368421,
      "recall@100": 0.029605263157894735
    },
    "NX-007": {
      "recall@10": 0.01098901098901099,
      "recall@50": 0.057387057387057384,
      "recall@100": 0.1111111111111111
    },
    "NX-068": {
      "recall@10": 0.0,
      "recall@50": 0.010948905109489052,
      "recall@100": 0.010948905109489052
    },
    "NX-061": {
      "recall@10": 0.005970149253731343,
      "recall@50": 0.026865671641791045,
      "recall@100": 0.041791044776119404
    },
    "NX-048": {
      "recall@10": 0.006172839506172839,
      "recall@50": 0.046296296296296294,
      "recall@100": 0.07407407407407407
    },
    "NX-065": {
      "recall@10": 0.016055045871559634,
      "recall@50": 0.05963302752293578,
      "recall@100": 0.08256880733944955
    },
    "NX-053": {
      "recall@10": 0.01837270341207349,
      "recall@50": 0.06036745406824147,
      "recall@100": 0.09448818897637795
    },
    "NX-050": {
      "recall@10": 0.0107095046854083,
      "recall@50": 0.0535475234270415,
      "recall@100": 0.10174029451137885
    },
    "NX-049": {
      "recall@10": 0.014619883040935672,
      "recall@50": 0.06140350877192982,
      "recall@100": 0.12280701754385964
    },
    "NX-069": {
      "recall@10": 0.003355704697986577,
      "recall@50": 0.013422818791946308,
      "recall@100": 0.03355704697986577
    },
    "NX-047": {
      "recall@10": 0.020958083832335328,
      "recall@50": 0.0748502994011976,
      "recall@100": 0.10778443113772455
    },
    "NX-056": {
      "recall@10": 0.009316770186335404,
      "recall@50": 0.052795031055900624,
      "recall@100": 0.09627329192546584
    },
    "NX-043": {
      "recall@10": 0.0113314447592068,
      "recall@50": 0.0226628895184136,
      "recall@100": 0.025495750708215296
    },
    "NX-067": {
      "recall@10": 0.0031545741324921135,
      "recall@50": 0.03785488958990536,
      "recall@100": 0.06624605678233439
    },
    "NX-058": {
      "recall@10": 0.029315960912052116,
      "recall@50": 0.15309446254071662,
      "recall@100": 0.2964169381107492
    },
    "NX-063": {
      "recall@10": 0.003472222222222222,
      "recall@50": 0.003472222222222222,
      "recall@100": 0.003472222222222222
    },
    "NX-059": {
      "recall@10": 0.0,
      "recall@50": 0.0,
      "recall@100": 0.0
    },
    "NX-071": {
      "recall@10": 0.002898550724637681,
      "recall@50": 0.02608695652173913,
      "recall@100": 0.043478260869565216
    },
    "NX-052": {
      "recall@10": 0.0,
      "recall@50": 0.0034965034965034965,
      "recall@100": 0.006993006993006993
    },
    "NX-064": {
      "recall@10": 0.0,