{
  "tier": 1,
  "method": "hyde",
  "model": "claude-sonnet-4-6",
  "metrics": {
    "recall@10": 0.007909007725288547,
    "ndcg@10": 0.3552273811154792,
    "paper_recall@10": 0.007909007725288547,
    "patent_recall@10": 0.0,
    "recall@50": 0.03242734499279511,
    "ndcg@50": 0.33341195791359624,
    "paper_recall@50": 0.03242734499279511,
    "patent_recall@50": 0.0,
    "recall@100": 0.0549636426435115,
    "ndcg@100": 0.30005344219585317,
    "paper_recall@100": 0.0549636426435115,
    "patent_recall@100": 0.0,
    "map": 0.034108091622769905
  },
  "per_query": {
    "NX-010": {
      "recall@10": 0.006167400881057269,
      "recall@50": 0.038766519823788544,
      "recall@100": 0.08193832599118943
    },
    "NX-004": {
      "recall@10": 0.0011312217194570137,
      "recall@50": 0.01809954751131222,
      "recall@100": 0.029411764705882353
    },
    "NX-011": {
      "recall@10": 0.015521064301552107,
      "recall@50": 0.04656319290465632,
      "recall@100": 0.07760532150776053
    },
    "NX-027": {
      "recall@10": 0.006559766763848397,
      "recall@50": 0.03571428571428571,
      "recall@100": 0.07142857142857142
    },
    "NX-038": {
      "recall@10": 0.0171990171990172,
      "recall@50": 0.044226044226044224,
      "recall@100": 0.056511056511056514
    },
    "NX-019": {
      "recall@10": 0.00569620253164557,
      "recall@50": 0.027848101265822784,
      "recall@100": 0.04430379746835443
    },
    "NX-040": {
      "recall@10": 0.006045949214026602,
      "recall@50": 0.019347037484885126,
      "recall@100": 0.03506650544135429
    },
    "NX-026": {
      "recall@10": 0.016853932584269662,
      "recall@50": 0.042134831460674156,
      "recall@100": 0.056179775280898875
    },
    "NX-005": {
      "recall@10": 0.013719512195121951,
      "recall@50": 0.07469512195121951,
      "recall@100": 0.14939024390243902
    },
    "NX-034": {
      "recall@10": 0.005309734513274336,
      "recall@50": 0.03008849557522124,
      "recall@100": 0.049557522123893805
    },
    "NX-023": {
      "recall@10": 0.01557632398753894,
      "recall@50": 0.056074766355140186,
      "recall@100": 0.09968847352024922
    },
    "NX-012": {
      "recall@10": 0.02127659574468085,
      "recall@50": 0.11583924349881797,
      "recall@100": 0.21040189125295508
    },
    "NX-030": {
      "recall@10": 0.0,
      "recall@50": 0.0,
      "recall@100": 0.0
    },
    "NX-022": {
      "recall@10": 0.0,
      "recall@50": 0.0007751937984496124,
      "recall@100": 0.0015503875968992248
    },
    "NX-013": {
      "recall@10": 0.005707762557077625,
      "recall@50": 0.0273972602739726,
      "recall@100": 0.05136986301369863
    },
    "NX-025": {
      "recall@10": 0.0008438818565400844,
      "recall@50": 0.010126582278481013,
      "recall@100": 0.016877637130801686
    },
    "NX-036": {
      "recall@10": 0.0024242424242424242,
      "recall@50": 0.01575757575757576,
      "recall@100": 0.03272727272727273
    },
    "NX-037": {
      "recall@10": 0.014354066985645933,
      "recall@50": 0.04066985645933014,
      "recall@100": 0.06220095693779904
    },
    "NX-033": {
      "recall@10": 0.018823529411764704,
      "recall@50": 0.06588235294117648,
      "recall@100": 0.09176470588235294
    },
    "NX-014": {
      "recall@10": 0.028169014084507043,
      "recall@50": 0.09507042253521127,
      "recall@100": 0.16901408450704225
    },
    "NX-024": {
      "recall@10": 0.0009328358208955224,
      "recall@50": 0.016791044776119403,
      "recall@100": 0.027985074626865673
    },
    "NX-021": {
      "recall@10": 0.0,
      "recall@50": 0.0029069767441860465,
      "recall@100": 0.007267441860465116
    },
    "NX-029": {
      "recall@10": 0.0,
      "recall@50": 0.0,
      "recall@100": 0.0038910505836575876
    },
    "NX-039": {
      "recall@10": 0.0,
      "recall@50": 0.0016286644951140066,
      "recall@100": 0.004885993485342019
    },
    "NX-031": {
      "recall@10": 0.0019710906701708277,
      "recall@50": 0.007227332457293035,
      "recall@100": 0.009198423127463863
    },
    "NX-020": {
      "recall@10": 0.0029282576866764276,
      "recall@50": 0.008784773060029283,
      "recall@100": 0.013909224011713031
    },
    "NX-017": {
      "recall@10": 0.003374578177727784,
      "recall@50": 0.0281214848143982,
      "recall@100": 0.06074240719910011
    },
    "NX-042": {
      "recall@10": 0.004273504273504274,
      "recall@50": 0.01566951566951567,
      "recall@100": 0.02564102564102564
    },
    "NX-035": {
      "recall@10": 0.00946372239747634,
      "recall@50": 0.033123028391167195,
      "recall@100": 0.056782334384858045
    },
    "NX-032": {
      "recall@10": 0.0006578947368421052,
      "recall@50": 0.0006578947368421052,
      "recall@100": 0.002631578947368421
    },
    "NX-001": {
      "recall@10": 0.004887585532746823,
      "recall@50": 0.007820136852394917,
      "recall@100": 0.011730205278592375
    },
    "NX-003": {
      "recall@10": 0.02702702702702703,
      "recall@50": 0.13213213213213212,
      "recall@100": 0.22822822822822822
    },
    "NX-028": {
      "recall@10": 0.012048192771084338,
      "recall@50": 0.060240963855421686,
      "recall@100": 0.10843373493975904
    },
    "NX-006": {
      "recall@10": 0.013157894736842105,
      "recall@50": 0.023026315789473683,
      "recall@100": 0.02631578947368421
    },
    "NX-007": {
      "recall@10": 0.01098901098901099,
      "recall@50": 0.057387057387057384,
      "recall@100": 0.10622710622710622
    },
    "NX-068": {
      "recall@10": 0.0036496350364963502,
      "recall@50": 0.0036496350364963502,
      "recall@100": 0.0036496350364963502
    },
    "NX-061": {
      "recall@10": 0.008955223880597015,
      "recall@50": 0.01791044776119403,
      "recall@100": 0.029850746268656716
    },
    "NX-048": {
      "recall@10": 0.015432098765432098,
      "recall@50": 0.046296296296296294,
      "recall@100": 0.07407407407407407
    },
    "NX-065": {
      "recall@10": 0.01834862385321101,
      "recall@50": 0.04357798165137615,
      "recall@100": 0.06880733944954129
    },
    "NX-053": {
      "recall@10": 0.015748031496062992,
      "recall@50": 0.049868766404199474,
      "recall@100": 0.08661417322834646
    },
    "NX-050": {
      "recall@10": 0.0107095046854083,
      "recall@50": 0.05622489959839357,
      "recall@100": 0.11646586345381527
    },
    "NX-049": {
      "recall@10": 0.011695906432748537,
      "recall@50": 0.07894736842105263,
      "recall@100": 0.11988304093567251
    },
    "NX-069": {
      "recall@10": 0.003355704697986577,
      "recall@50": 0.010067114093959731,
      "recall@100": 0.03355704697986577
    },
    "NX-047": {
      "recall@10": 0.023952095808383235,
      "recall@50": 0.09580838323353294,
      "recall@100": 0.15868263473053892
    },
    "NX-056": {
      "recall@10": 0.018633540372670808,
      "recall@50": 0.09627329192546584,
      "recall@100": 0.15838509316770186
    },
    "NX-043": {
      "recall@10": 0.014164305949008499,
      "recall@50": 0.0226628895184136,
      "recall@100": 0.025495750708215296
    },
    "NX-067": {
      "recall@10": 0.012618296529968454,
      "recall@50": 0.05993690851735016,
      "recall@100": 0.08517350157728706
    },
    "NX-058": {
      "recall@10": 0.029315960912052116,
      "recall@50": 0.12052117263843648,
      "recall@100": 0.250814332247557
    },
    "NX-063": {
      "recall@10": 0.0,
      "recall@50": 0.0,
      "recall@100": 0.0
    },
    "NX-059": {
      "recall@10": 0.0,
      "recall@50": 0.0,
      "recall@100": 0.0
    },
    "NX-071": {
      "recall@10": 0.005797101449275362,
      "recall@50": 0.04057971014492753,
      "recall@100": 0.06376811594202898
    },
    "NX-052": {
      "recall@10": 0.0,
      "recall@50": 0.0,
      "recall@100": 0.0
    },
    "NX-064": {
      "recall@10": 0.004291845493562232,
      "recall@50": 0.034334763948497854,
      "recall@100": 0.055793991416309016
    },