{
  "tier": 1,
  "method": "bm25_rerank",
  "model": "gpt-5.2",
  "metrics": {
    "recall@10": 0.006151187524837395,
    "ndcg@10": 0.2865855953459016,
    "paper_recall@10": 0.006151187524837395,
    "patent_recall@10": 0.0,
    "recall@50": 0.00965213980086468,
    "ndcg@50": 0.13844751143700754,
    "paper_recall@50": 0.00965213980086468,
    "patent_recall@50": 0.0,
    "recall@100": 0.00965213980086468,
    "ndcg@100": 0.08528043668457455,
    "paper_recall@100": 0.00965213980086468,
    "patent_recall@100": 0.0,
    "map": 0.006258906051530671
  },
  "per_query": {
    "NX-010": {
      "recall@10": 0.007048458149779736,
      "recall@50": 0.012334801762114538,
      "recall@100": 0.012334801762114538
    },
    "NX-004": {
      "recall@10": 0.0011312217194570137,
      "recall@50": 0.0022624434389140274,
      "recall@100": 0.0022624434389140274
    },
    "NX-011": {
      "recall@10": 0.008869179600886918,
      "recall@50": 0.017738359201773836,
      "recall@100": 0.017738359201773836
    },
    "NX-027": {
      "recall@10": 0.006559766763848397,
      "recall@50": 0.013119533527696793,
      "recall@100": 0.013119533527696793
    },
    "NX-038": {
      "recall@10": 0.02457002457002457,
      "recall@50": 0.029484029484029485,
      "recall@100": 0.029484029484029485
    },
    "NX-019": {
      "recall@10": 0.004430379746835443,
      "recall@50": 0.007594936708860759,
      "recall@100": 0.007594936708860759
    },
    "NX-040": {
      "recall@10": 0.0036275695284159614,
      "recall@50": 0.007255139056831923,
      "recall@100": 0.007255139056831923
    },
    "NX-026": {
      "recall@10": 0.008426966292134831,
      "recall@50": 0.014044943820224719,
      "recall@100": 0.014044943820224719
    },
    "NX-005": {
      "recall@10": 0.013719512195121951,
      "recall@50": 0.028963414634146343,
      "recall@100": 0.028963414634146343
    },
    "NX-034": {
      "recall@10": 0.0,
      "recall@50": 0.0,
      "recall@100": 0.0
    },
    "NX-023": {
      "recall@10": 0.009345794392523364,
      "recall@50": 0.009345794392523364,
      "recall@100": 0.009345794392523364
    },
    "NX-012": {
      "recall@10": 0.02127659574468085,
      "recall@50": 0.04491725768321513,
      "recall@100": 0.04491725768321513
    },
    "NX-030": {
      "recall@10": 0.0,
      "recall@50": 0.0,
      "recall@100": 0.0
    },
    "NX-022": {
      "recall@10": 0.0031007751937984496,
      "recall@50": 0.0031007751937984496,
      "recall@100": 0.0031007751937984496
    },
    "NX-013": {
      "recall@10": 0.005707762557077625,
      "recall@50": 0.012557077625570776,
      "recall@100": 0.012557077625570776
    },
    "NX-025": {
      "recall@10": 0.002531645569620253,
      "recall@50": 0.002531645569620253,
      "recall@100": 0.002531645569620253
    },
    "NX-036": {
      "recall@10": 0.0018181818181818182,
      "recall@50": 0.004242424242424243,
      "recall@100": 0.004242424242424243
    },
    "NX-037": {
      "recall@10": 0.009569377990430622,
      "recall@50": 0.019138755980861243,
      "recall@100": 0.019138755980861243
    },
    "NX-033": {
      "recall@10": 0.0,
      "recall@50": 0.004705882352941176,
      "recall@100": 0.004705882352941176
    },
    "NX-014": {
      "recall@10": 0.02464788732394366,
      "recall@50": 0.02464788732394366,
      "recall@100": 0.02464788732394366
    },
    "NX-024": {
      "recall@10": 0.0037313432835820895,
      "recall@50": 0.0037313432835820895,
      "recall@100": 0.0037313432835820895
    },
    "NX-021": {
      "recall@10": 0.0,
      "recall@50": 0.0014534883720930232,
      "recall@100": 0.0014534883720930232
    },
    "NX-029": {
      "recall@10": 0.0019455252918287938,
      "recall@50": 0.0019455252918287938,
      "recall@100": 0.0019455252918287938
    },
    "NX-039": {
      "recall@10": 0.0,
      "recall@50": 0.0,
      "recall@100": 0.0
    },
    "NX-031": {
      "recall@10": 0.0019710906701708277,
      "recall@50": 0.002628120893561104,
      "recall@100": 0.002628120893561104
    },
    "NX-020": {
      "recall@10": 0.0,
      "recall@50": 0.0007320644216691069,
      "recall@100": 0.0007320644216691069
    },
    "NX-017": {
      "recall@10": 0.0,
      "recall@50": 0.0,
      "recall@100": 0.0
    },
    "NX-042": {
      "recall@10": 0.007122507122507123,
      "recall@50": 0.007122507122507123,
      "recall@100": 0.007122507122507123
    },
    "NX-035": {
      "recall@10": 0.011041009463722398,
      "recall@50": 0.011041009463722398,
      "recall@100": 0.011041009463722398
    },
    "NX-032": {
      "recall@10": 0.0,
      "recall@50": 0.0,
      "recall@100": 0.0
    },
    "NX-001": {
      "recall@10": 0.0,
      "recall@50": 0.0,
      "recall@100": 0.0
    },
    "NX-003": {
      "recall@10": 0.015015015015015015,
      "recall@50": 0.015015015015015015,
      "recall@100": 0.015015015015015015
    },
    "NX-028": {
      "recall@10": 0.007530120481927711,
      "recall@50": 0.009036144578313253,
      "recall@100": 0.009036144578313253
    },
    "NX-006": {
      "recall@10": 0.009868421052631578,
      "recall@50": 0.009868421052631578,
      "recall@100": 0.009868421052631578
    },
    "NX-007": {
      "recall@10": 0.009768009768009768,
      "recall@50": 0.02197802197802198,
      "recall@100": 0.02197802197802198
    },
    "NX-068": {
      "recall@10": 0.0,
      "recall@50": 0.0,
      "recall@100": 0.0
    },
    "NX-061": {
      "recall@10": 0.005970149253731343,
      "recall@50": 0.011940298507462687,
      "recall@100": 0.011940298507462687
    },
    "NX-048": {
      "recall@10": 0.015432098765432098,
      "recall@50": 0.021604938271604937,
      "recall@100": 0.021604938271604937
    },
    "NX-065": {
      "recall@10": 0.016055045871559634,
      "recall@50": 0.022935779816513763,
      "recall@100": 0.022935779816513763
    },
    "NX-053": {
      "recall@10": 0.01837270341207349,
      "recall@50": 0.026246719160104987,
      "recall@100": 0.026246719160104987
    },
    "NX-050": {
      "recall@10": 0.009370816599732263,
      "recall@50": 0.014725568942436412,
      "recall@100": 0.014725568942436412
    },
    "NX-049": {
      "recall@10": 0.014619883040935672,
      "recall@50": 0.02046783625730994,
      "recall@100": 0.02046783625730994
    },
    "NX-069": {
      "recall@10": 0.003355704697986577,
      "recall@50": 0.006711409395973154,
      "recall@100": 0.006711409395973154
    },
    "NX-047": {
      "recall@10": 0.017964071856287425,
      "recall@50": 0.020958083832335328,
      "recall@100": 0.020958083832335328
    },
    "NX-056": {
      "recall@10": 0.006211180124223602,
      "recall@50": 0.006211180124223602,
      "recall@100": 0.006211180124223602
    },
    "NX-043": {
      "recall@10": 0.014164305949008499,
      "recall@50": 0.019830028328611898,
      "recall@100": 0.019830028328611898
    },
    "NX-067": {
      "recall@10": 0.0,
      "recall@50": 0.006309148264984227,
      "recall@100": 0.006309148264984227
    },
    "NX-058": {
      "recall@10": 0.026058631921824105,
      "recall@50": 0.05863192182410423,
      "recall@100": 0.05863192182410423
    },
    "NX-063": {
      "recall@10": 0.0,
      "recall@50": 0.0,
      "recall@100": 0.0
    },
    "NX-059": {
      "recall@10": 0.0,
      "recall@50": 0.0,
      "recall@100": 0.0
    },
    "NX-071": {
      "recall@10": 0.0,
      "recall@50": 0.008695652173913044,
      "recall@100": 0.008695652173913044
    },
    "NX-052": {
      "recall@10": 0.0034965034965034965,
      "recall@50": 0.0034965034965034965,
      "recall@100": 0.0034965034965034965
    },
    "NX-064": {
      "recall@10": 0.0,
      "recall@50": 0.0,
      "recall@100": 0.0
    },
    "NX-045": {
      "recall@10": 0.010309278350515464,
      "recall@50": 0.018900343642611683,
      "recall@100": 0.018900343642611683
    },
    "NX-055": {
      "recall@10": 0.0,
      "recall@50": 0.0034482758620689655,