{
  "tier": 1,
  "method": "splade_naver_splade-cocondenser-ensembledistil",
  "model": "N/A",
  "metrics": {
    "recall@10": 0.006523453386304878,
    "ndcg@10": 0.3027473867739202,
    "paper_recall@10": 0.006523453386304878,
    "patent_recall@10": 0.0,
    "recall@50": 0.0248071935204871,
    "ndcg@50": 0.27472142409240563,
    "paper_recall@50": 0.0248071935204871,
    "patent_recall@50": 0.0,
    "recall@100": 0.04157474028295445,
    "ndcg@100": 0.24395528615675824,
    "paper_recall@100": 0.04157474028295445,
    "patent_recall@100": 0.0,
    "map": 0.02371327729063441
  },
  "per_query": {
    "NX-010": {
      "recall@10": 0.007929515418502203,
      "recall@50": 0.03700440528634361,
      "recall@100": 0.06519823788546256
    },
    "NX-004": {
      "recall@10": 0.003393665158371041,
      "recall@50": 0.013574660633484163,
      "recall@100": 0.021493212669683258
    },
    "NX-011": {
      "recall@10": 0.008869179600886918,
      "recall@50": 0.019955654101995565,
      "recall@100": 0.031042128603104215
    },
    "NX-027": {
      "recall@10": 0.006559766763848397,
      "recall@50": 0.03498542274052478,
      "recall@100": 0.06851311953352769
    },
    "NX-038": {
      "recall@10": 0.0171990171990172,
      "recall@50": 0.04668304668304668,
      "recall@100": 0.051597051597051594
    },
    "NX-019": {
      "recall@10": 0.00569620253164557,
      "recall@50": 0.02341772151898734,
      "recall@100": 0.03860759493670886
    },
    "NX-040": {
      "recall@10": 0.0,
      "recall@50": 0.020556227327690448,
      "recall@100": 0.041112454655380895
    },
    "NX-026": {
      "recall@10": 0.0056179775280898875,
      "recall@50": 0.028089887640449437,
      "recall@100": 0.033707865168539325
    },
    "NX-005": {
      "recall@10": 0.013719512195121951,
      "recall@50": 0.07469512195121951,
      "recall@100": 0.15091463414634146
    },
    "NX-034": {
      "recall@10": 0.0017699115044247787,
      "recall@50": 0.007079646017699115,
      "recall@100": 0.010619469026548672
    },
    "NX-023": {
      "recall@10": 0.01557632398753894,
      "recall@50": 0.040498442367601244,
      "recall@100": 0.04984423676012461
    },
    "NX-012": {
      "recall@10": 0.02127659574468085,
      "recall@50": 0.11347517730496454,
      "recall@100": 0.1938534278959811
    },
    "NX-030": {
      "recall@10": 0.003861003861003861,
      "recall@50": 0.011583011583011582,
      "recall@100": 0.023166023166023165
    },
    "NX-022": {
      "recall@10": 0.0069767441860465115,
      "recall@50": 0.027131782945736434,
      "recall@100": 0.04961240310077519
    },
    "NX-013": {
      "recall@10": 0.00228310502283105,
      "recall@50": 0.023972602739726026,
      "recall@100": 0.0410958904109589
    },
    "NX-025": {
      "recall@10": 0.0033755274261603376,
      "recall@50": 0.00590717299578059,
      "recall@100": 0.009282700421940928
    },
    "NX-036": {
      "recall@10": 0.0012121212121212121,
      "recall@50": 0.011515151515151515,
      "recall@100": 0.02909090909090909
    },
    "NX-037": {
      "recall@10": 0.011961722488038277,
      "recall@50": 0.028708133971291867,
      "recall@100": 0.04066985645933014
    },
    "NX-033": {
      "recall@10": 0.009411764705882352,
      "recall@50": 0.03294117647058824,
      "recall@100": 0.05411764705882353
    },
    "NX-014": {
      "recall@10": 0.017605633802816902,
      "recall@50": 0.045774647887323945,
      "recall@100": 0.0880281690140845
    },
    "NX-024": {
      "recall@10": 0.0037313432835820895,
      "recall@50": 0.014925373134328358,
      "recall@100": 0.028917910447761194
    },
    "NX-021": {
      "recall@10": 0.0,
      "recall@50": 0.0,
      "recall@100": 0.0014534883720930232
    },
    "NX-029": {
      "recall@10": 0.0,
      "recall@50": 0.0,
      "recall@100": 0.0019455252918287938
    },
    "NX-039": {
      "recall@10": 0.0,
      "recall@50": 0.0016286644951140066,
      "recall@100": 0.003257328990228013
    },
    "NX-031": {
      "recall@10": 0.001314060446780552,
      "recall@50": 0.0045992115637319315,
      "recall@100": 0.006570302233902759
    },
    "NX-020": {
      "recall@10": 0.0021961932650073207,
      "recall@50": 0.00951683748169839,
      "recall@100": 0.012445095168374817
    },
    "NX-017": {
      "recall@10": 0.003374578177727784,
      "recall@50": 0.013498312710911136,
      "recall@100": 0.020247469066366704
    },
    "NX-042": {
      "recall@10": 0.005698005698005698,
      "recall@50": 0.009971509971509971,
      "recall@100": 0.014245014245014245
    },
    "NX-035": {
      "recall@10": 0.012618296529968454,
      "recall@50": 0.028391167192429023,
      "recall@100": 0.03943217665615142
    },
    "NX-032": {
      "recall@10": 0.0,
      "recall@50": 0.0,
      "recall@100": 0.0
    },
    "NX-001": {
      "recall@10": 0.002932551319648094,
      "recall@50": 0.0039100684261974585,
      "recall@100": 0.004887585532746823
    },
    "NX-003": {
      "recall@10": 0.024024024024024024,
      "recall@50": 0.07507507507507508,
      "recall@100": 0.11411411411411411
    },
    "NX-028": {
      "recall@10": 0.012048192771084338,
      "recall@50": 0.060240963855421686,
      "recall@100": 0.09036144578313253
    },
    "NX-006": {
      "recall@10": 0.009868421052631578,
      "recall@50": 0.01644736842105263,
      "recall@100": 0.023026315789473683
    },
    "NX-007": {
      "recall@10": 0.009768009768009768,
      "recall@50": 0.05128205128205128,
      "recall@100": 0.09401709401709402
    },
    "NX-068": {
      "recall@10": 0.0,
      "recall@50": 0.0036496350364963502,
      "recall@100": 0.0036496350364963502
    },
    "NX-061": {
      "recall@10": 0.005970149253731343,
      "recall@50": 0.011940298507462687,
      "recall@100": 0.014925373134328358
    },
    "NX-048": {
      "recall@10": 0.0030864197530864196,
      "recall@50": 0.040123456790123455,
      "recall@100": 0.05246913580246913
    },
    "NX-065": {
      "recall@10": 0.016055045871559634,
      "recall@50": 0.0481651376146789,
      "recall@100": 0.06651376146788991
    },
    "NX-053": {
      "recall@10": 0.013123359580052493,
      "recall@50": 0.04461942257217848,
      "recall@100": 0.05511811023622047
    },
    "NX-050": {
      "recall@10": 0.009370816599732263,
      "recall@50": 0.0535475234270415,
      "recall@100": 0.10307898259705489
    },
    "NX-049": {
      "recall@10": 0.008771929824561403,
      "recall@50": 0.06725146198830409,
      "recall@100": 0.1023391812865497
    },
    "NX-069": {
      "recall@10": 0.003355704697986577,
      "recall@50": 0.010067114093959731,
      "recall@100": 0.016778523489932886
    },
    "NX-047": {
      "recall@10": 0.020958083832335328,
      "recall@50": 0.08682634730538923,
      "recall@100": 0.15568862275449102
    },
    "NX-056": {
      "recall@10": 0.006211180124223602,
      "recall@50": 0.015527950310559006,
      "recall@100": 0.040372670807453416
    },
    "NX-043": {
      "recall@10": 0.0028328611898017,
      "recall@50": 0.0056657223796034,
      "recall@100": 0.0113314447592068
    },
    "NX-067": {
      "recall@10": 0.00946372239747634,
      "recall@50": 0.031545741324921134,
      "recall@100": 0.06309148264984227
    },
    "NX-058": {
      "recall@10": 0.029315960912052116,
      "recall@50": 0.11400651465798045,
      "recall@100": 0.19543973941368079
    },
    "NX-063": {
      "recall@10": 0.003472222222222222,
      "recall@50": 0.013888888888888888,
      "recall@100": 0.020833333333333332
    },
    "NX-059": {
      "recall@10": 0.0,
      "recall@50": 0.0,
      "recall@100": 0.0
    },
    "NX-071": {
      "recall@10": 0.005797101449275362,
      "recall@50": 0.028985507246376812,
      "recall@100": 0.06376811594202898
    },
    "NX-052": {
      "recall@10": 0.0,
      "recall@50": 0.0,
      "recall@100": 0.006993006993006993
    },
    "NX-064": {
      "recall@10": 0.004291845493562232,
      "recall@50": 0.004291845493562232,