{
  "tier": 3,
  "method": "novelty_ctx",
  "model": "claude-sonnet-4-6",
  "metrics": {
    "accuracy": 0.07446808510638298,
    "macro_f1": 0.05145741735873636,
    "f1_novel": 0.06741573033707865,
    "f1_partially_anticipated": 0,
    "f1_anticipated": 0.08695652173913043
  },
  "per_query": {},
  "cost_usd": 2.0502207500000007,
  "elapsed_seconds": 1414.5243747234344,
  "metadata": {
    "with_context": true
  }
}