{
  "tier": 3,
  "method": "novelty_zs",
  "model": "gemini-3-pro-preview",
  "metrics": {
    "accuracy": 0.1368421052631579,
    "macro_f1": 0.08962962962962963,
    "f1_novel": 0.18000000000000002,
    "f1_partially_anticipated": 0,
    "f1_anticipated": 0.08888888888888889
  },
  "per_query": {},
  "cost_usd": 4.292146749999998,
  "elapsed_seconds": 1460.2732372283936,
  "metadata": {
    "with_context": false
  }
}