{
  "tier": 3,
  "method": "novelty_ctx",
  "model": "gemini-3-pro-preview",
  "metrics": {
    "accuracy": 0.13131313131313133,
    "macro_f1": 0.08606110201854883,
    "f1_novel": 0.17307692307692307,
    "f1_partially_anticipated": 0,
    "f1_anticipated": 0.0851063829787234
  },
  "per_query": {},
  "cost_usd": 4.223246749999998,
  "elapsed_seconds": 1051.6660277843475,
  "metadata": {
    "with_context": true
  }
}