{
  "tier": 3,
  "method": "novelty_zs",
  "model": "gpt-5.2",
  "metrics": {
    "accuracy": 0.24,
    "macro_f1": 0.1593901593901594,
    "f1_novel": 0.15384615384615385,
    "f1_partially_anticipated": 0,
    "f1_anticipated": 0.32432432432432434
  },
  "per_query": {},
  "cost_usd": 0.5621997500000001,
  "elapsed_seconds": 320.6850152015686,
  "metadata": {
    "with_context": false
  }
}